Csapat;Ev;Brand;Sorozat;KartyaSzam;Kartya;Megvan
Utah Jazz;2018 - 2019;Panini Prizm;Prizm;123;Base;TRUE
Utah Jazz;2018 - 2019;Panini Prizm;Prizm;123;Silver;TRUE
Utah Jazz;2018 - 2019;Panini Prizm;Prizm;123;Chice Blue Yellow and Green;FALSE
Utah Jazz;2018 - 2019;Panini Prizm;Prizm;123;Tiger Stripe;FALSE
Utah Jazz;2018 - 2019;Panini Prizm;Prizm;123;Fast Break;FALSE
Utah Jazz;2018 - 2019;Panini Prizm;Prizm;123;Green;FALSE
Utah Jazz;2018 - 2019;Panini Prizm;Prizm;123;Hyper;FALSE
Utah Jazz;2018 - 2019;Panini Prizm;Prizm;123;Pink Ice;FALSE
Utah Jazz;2018 - 2019;Panini Prizm;Prizm;123;Purple Wave;FALSE
Utah Jazz;2018 - 2019;Panini Prizm;Prizm;123;Red Ice;FALSE
Utah Jazz;2018 - 2019;Panini Prizm;Prizm;123;Red White and Blue;FALSE
Utah Jazz;2018 - 2019;Panini Prizm;Prizm;123;Ruby Wave;FALSE
Utah Jazz;2018 - 2019;Panini Prizm;Prizm;123;Red /299;FALSE
Utah Jazz;2018 - 2019;Panini Prizm;Prizm;123;Blue /199;FALSE
Utah Jazz;2018 - 2019;Panini Prizm;Prizm;123;Fast Break Blue /175;FALSE
Utah Jazz;2018 - 2019;Panini Prizm;Prizm;123;Purple Ice /149;FALSE
Utah Jazz;2018 - 2019;Panini Prizm;Prizm;123;Fast Break Red /125;FALSE
Utah Jazz;2018 - 2019;Panini Prizm;Prizm;123;Blue Ice /99;FALSE
Utah Jazz;2018 - 2019;Panini Prizm;Prizm;123;Choice Red /88;FALSE
Utah Jazz;2018 - 2019;Panini Prizm;Prizm;123;Fast Break Purple /75;FALSE
Utah Jazz;2018 - 2019;Panini Prizm;Prizm;123;Fast Break Pink /50;FALSE
Utah Jazz;2018 - 2019;Panini Prizm;Prizm;123;Orange /49;FALSE
Utah Jazz;2018 - 2019;Panini Prizm;Prizm;123;Pink Pulsar /42;FALSE
Utah Jazz;2018 - 2019;Panini Prizm;Prizm;123;Purple Pulsar /35;FALSE
Utah Jazz;2018 - 2019;Panini Prizm;Prizm;123;Green Pulsar /25;FALSE
Utah Jazz;2018 - 2019;Panini Prizm;Prizm;123;Mojo /25;FALSE
Utah Jazz;2018 - 2019;Panini Prizm;Prizm;123;Fast Break Bronze /20;FALSE
Utah Jazz;2018 - 2019;Panini Prizm;Prizm;123;Gold /10;FALSE
Utah Jazz;2018 - 2019;Panini Prizm;Prizm;123;Choice Green /8 ;FALSE
Utah Jazz;2018 - 2019;Panini Prizm;Prizm;123;Blue Shimmer /7;FALSE
Utah Jazz;2018 - 2019;Panini Prizm;Prizm;123;Light Blue Shimmer /7;FALSE
Utah Jazz;2018 - 2019;Panini Prizm;Prizm;123;Red Shimmer /7;FALSE
Utah Jazz;2018 - 2019;Panini Prizm;Prizm;123;Black Gold /5;FALSE
Utah Jazz;2018 - 2019;Panini Prizm;Prizm;123;Fast Break Neon Green /5;FALSE
Utah Jazz;2018 - 2019;Panini Prizm;Prizm;123;Black /1;FALSE
Utah Jazz;2018 - 2019;Panini Prizm;Prizm;123;Choice Nebula /1;FALSE
Utah Jazz;2018 - 2019;Panini Prizm;Panini Prizm Emergent;21;Base;FALSE
Utah Jazz;2018 - 2019;Panini Prizm;Panini Prizm Emergent;21;Silver;FALSE
Utah Jazz;2018 - 2019;Panini Prizm;Panini Prizm Emergent;21;Green;FALSE
Utah Jazz;2018 - 2019;Panini Prizm;Prizm Freshman Phenoms;5;Base;FALSE
Utah Jazz;2018 - 2019;Panini Prizm;Prizm Freshman Phenoms;5;Silver;FALSE
Utah Jazz;2018 - 2019;Panini Prizm;Prizm Freshman Phenoms;5;Green;FALSE
Utah Jazz;2018 - 2019;Panini Prizm;Prizm Sensational Swatches;73;Base;FALSE
Utah Jazz;2018 - 2019;Panini Prizm;Prizm Sensational Swatches;73;Prime /10;FALSE
Utah Jazz;2018 - 2019;Panini Prizm;Prizm Fast Break Rookie AU ;21;Base;FALSE
Utah Jazz;2018 - 2019;Panini Prizm;Prizm Fast Break Rookie AU ;21;Gold /10;FALSE
Utah Jazz;2018 - 2019;Panini Prizm;Prizm Fast Break Rookie AU ;21;Black /1;FALSE
Utah Jazz;2018 - 2019;Panini Prizm;Prizm Sensational Signatures;81;Base;FALSE
Utah Jazz;2018 - 2019;Panini Prizm;Prizm Sensational Signatures;81;Choice;FALSE
Utah Jazz;2018 - 2019;Panini Prizm;Prizm Sensational Signatures;81;Mojo /25;FALSE
Utah Jazz;2018 - 2019;Panini Prizm;Prizm Sensational Signatures;81;Gold /10;FALSE
Utah Jazz;2018 - 2019;Panini Prizm;Prizm Sensational Signatures;81;Choice Green /8;FALSE
Utah Jazz;2018 - 2019;Panini Prizm;Prizm Sensational Signatures;81;Black /1;FALSE
Utah Jazz;2018 - 2019;Panini Prizm;Prizm Mosaic;33;Base;FALSE
Utah Jazz;2018 - 2019;Panini Prizm;Prizm Mosaic;33;Blue;FALSE
Utah Jazz;2018 - 2019;Panini Prizm;Prizm Mosaic;33;Green;FALSE
Utah Jazz;2018 - 2019;Panini Prizm;Prizm Mosaic;33;Red;FALSE
Utah Jazz;2018 - 2019;Panini Prizm;Prizm Mosaic;33;Orange /99;FALSE
Utah Jazz;2018 - 2019;Panini Prizm;Prizm Mosaic;33;Purple /49;FALSE
Utah Jazz;2018 - 2019;Panini Prizm;Prizm Mosaic;33;Camo /25;FALSE
Utah Jazz;2018 - 2019;Panini Prizm;Prizm Mosaic;33;Gold /10;FALSE
Utah Jazz;2018 - 2019;Panini Prizm;Prizm Mosaic;33;Black /1;FALSE
Utah Jazz;2018 - 2019;Panini Prizm;Prizm Mosaic AU;10;Base;FALSE
Utah Jazz;2018 - 2019;Panini Prizm;Prizm Mosaic AU;10;Gold /10;FALSE
Utah Jazz;2018 - 2019;Panini Prizm;Prizm Mosaic AU;10;Green /5;FALSE
Utah Jazz;2018 - 2019;Panini Prizm;Prizm Mosaic AU;10;Black /1;FALSE
Utah Jazz;2018 - 2019;Panini Spectra;Panini Spectra;96;Silver;FALSE
Utah Jazz;2018 - 2019;Panini Spectra;Panini Spectra;96;White Sparkle;FALSE
Utah Jazz;2018 - 2019;Panini Spectra;Panini Spectra;96;Base /175;FALSE
Utah Jazz;2018 - 2019;Panini Spectra;Panini Spectra;96;Red / 99;FALSE
Utah Jazz;2018 - 2019;Panini Spectra;Panini Spectra;96;Blue Neon /75;FALSE
Utah Jazz;2018 - 2019;Panini Spectra;Panini Spectra;96;Green Neon /49;FALSE
Utah Jazz;2018 - 2019;Panini Spectra;Panini Spectra;96;Pink Neon /25;FALSE
Utah Jazz;2018 - 2019;Panini Spectra;Panini Spectra;96;Gold /10;FALSE
Utah Jazz;2018 - 2019;Panini Spectra;Panini Spectra;96;Flash /9;FALSE
Utah Jazz;2018 - 2019;Panini Spectra;Panini Spectra;96;Wave /9;FALSE
Utah Jazz;2018 - 2019;Panini Spectra;Panini Spectra;96;Neon Orange /5;FALSE
Utah Jazz;2018 - 2019;Panini Spectra;Panini Spectra;96;Nebula /1;FALSE
Utah Jazz;2018 - 2019;Panini Spectra;Rookie Jersey AU;121;Base /299;FALSE
Utah Jazz;2018 - 2019;Panini Spectra;Rookie Jersey AU;121;Blue Neon /99;FALSE
Utah Jazz;2018 - 2019;Panini Spectra;Rookie Jersey AU;121;Green Neon /49;FALSE
Utah Jazz;2018 - 2019;Panini Spectra;Rookie Jersey AU;121;Pink Neon /25;FALSE
Utah Jazz;2018 - 2019;Panini Spectra;Rookie Jersey AU;121;Gold /10;FALSE
Utah Jazz;2018 - 2019;Panini Spectra;Rookie Jersey AU;121;Neon Orange /5;FALSE
Utah Jazz;2018 - 2019;Panini Spectra;Rookie Jersey AU;121;Nebula /1;FALSE
Utah Jazz;2018 - 2019;Panini Spectra;Next Era;7;Base /99;FALSE
Utah Jazz;2018 - 2019;Panini Spectra;Next Era;7;Blue Neon /60;FALSE
Utah Jazz;2018 - 2019;Panini Spectra;Next Era;7;Gold /10;FALSE
Utah Jazz;2018 - 2019;Panini Spectra;Next Era;7;Neon Orange /5;FALSE
Utah Jazz;2018 - 2019;Panini Spectra;Next Era;7;Nebula /1;FALSE
Utah Jazz;2018 - 2019;Panini Spectra;Rising Stars Signatures;RSS;/75;FALSE
Utah Jazz;2018 - 2019;Panini Spectra;Rising Stars Signatures;RSS;Blue Neon /60;FALSE
Utah Jazz;2018 - 2019;Panini Spectra;Rising Stars Signatures;RSS;Green Neon /49;FALSE
Utah Jazz;2018 - 2019;Panini Spectra;Rising Stars Signatures;RSS;Pink Neon /25;FALSE
Utah Jazz;2018 - 2019;Panini Spectra;Rising Stars Signatures;RSS;Gold /10;FALSE
Utah Jazz;2018 - 2019;Panini Spectra;Rising Stars Signatures;RSS;Neon Orange /5;FALSE
Utah Jazz;2018 - 2019;Panini Spectra;Rising Stars Signatures;RSS;Nebula /1;FALSE
Utah Jazz;2018 - 2019;Panini Absolute;Rookie;76;Base;FALSE
Utah Jazz;2018 - 2019;Panini Absolute;Absolute Memorabilia Rookie Threads;21AM;L1 /199;FALSE
Utah Jazz;2018 - 2019;Panini Absolute;Absolute Memorabilia Rookie Threads;21AM;L2 /149;FALSE
Utah Jazz;2018 - 2019;Panini Absolute;Absolute Memorabilia Rookie Threads;21AM;L3 /75;FALSE
Utah Jazz;2018 - 2019;Panini Absolute;Absolute Memorabilia Rookie Threads;21AM;L4 /10;FALSE
Utah Jazz;2018 - 2019;Panini Absolute;Absolute Memorabilia Rookie Threads;21AM;L5 /1;FALSE
Utah Jazz;2018 - 2019;Panini Absolute;Absolute Memorabilia Draft Day Ink;21DDI;L1 /125;FALSE
Utah Jazz;2018 - 2019;Panini Absolute;Absolute Memorabilia Draft Day Ink;21DDI;L2 /25;FALSE
Utah Jazz;2018 - 2019;Panini Absolute;Absolute Memorabilia Draft Day Ink;21DDI;L3 /10;FALSE
Utah Jazz;2018 - 2019;Panini Absolute;Absolute Memorabilia Draft Day Ink;21DDI;L4 /5;FALSE
Utah Jazz;2018 - 2019;Panini Absolute;Absolute Memorabilia Draft Day Ink;21DDI;L5 /1;FALSE
Utah Jazz;2018 - 2019;Panini Absolute;Absolute Memorabilia Limitless Signatures;27;L1 /99;FALSE
Utah Jazz;2018 - 2019;Panini Absolute;Absolute Memorabilia Limitless Signatures;27;L2 /25;FALSE
Utah Jazz;2018 - 2019;Panini Absolute;Absolute Memorabilia Limitless Signatures;27;L3 /10;FALSE
Utah Jazz;2018 - 2019;Panini Absolute;Absolute Memorabilia Limitless Signatures;27;L4 /5;FALSE
Utah Jazz;2018 - 2019;Panini Absolute;Absolute Memorabilia Limitless Signatures;27;L5 /1;FALSE
Utah Jazz;2018 - 2019;Panini Absolute;Absolute Memorabilia Rookie Autograph ;21RA;L1 /125;FALSE
Utah Jazz;2018 - 2019;Panini Absolute;Absolute Memorabilia Rookie Autograph ;21RA;L2 /25;FALSE
Utah Jazz;2018 - 2019;Panini Absolute;Absolute Memorabilia Rookie Autograph ;21RA;L3 /10;FALSE
Utah Jazz;2018 - 2019;Panini Absolute;Absolute Memorabilia Rookie Autograph ;21RA;L4 /5;FALSE
Utah Jazz;2018 - 2019;Panini Absolute;Absolute Memorabilia Rookie Autograph ;21RA;L5 /1;FALSE
Utah Jazz;2018 - 2019;Panini Absolute;Absolute Memorabilia Tools of the Trade;21TT;L1 /149;FALSE
Utah Jazz;2018 - 2019;Panini Absolute;Absolute Memorabilia Tools of the Trade;21TT;L2 /25;FALSE
Utah Jazz;2018 - 2019;Panini Absolute;Absolute Memorabilia Tools of the Trade;21TT;L3 /10;FALSE
Utah Jazz;2018 - 2019;Panini Absolute;Absolute Memorabilia Tools of the Trade;21TT;L4 /5;FALSE
Utah Jazz;2018 - 2019;Panini Absolute;Absolute Memorabilia Tools of the Trade;21TT;L5 /1;FALSE
Utah Jazz;2018 - 2019;Panini Absolute;Absolute Memorabilia Tools of the Trade Four Swatch Signatures;21FS;L1 /99;FALSE
Utah Jazz;2018 - 2019;Panini Absolute;Absolute Memorabilia Tools of the Trade Four Swatch Signatures;21FS;L2 /25;FALSE
Utah Jazz;2018 - 2019;Panini Absolute;Absolute Memorabilia Tools of the Trade Four Swatch Signatures;21FS;L3 /10;FALSE
Utah Jazz;2018 - 2019;Panini Absolute;Absolute Memorabilia Tools of the Trade Four Swatch Signatures;21FS;L4 /5;FALSE
Utah Jazz;2018 - 2019;Panini Absolute;Absolute Memorabilia Tools of the Trade Four Swatch Signatures;21FS;L5 /1;FALSE
Utah Jazz;2018 - 2019;Panini Absolute;Absolute Memorabilia Tools of the Trade Six Swatch Signatures ;21SS;L1 /49;FALSE
Utah Jazz;2018 - 2019;Panini Absolute;Absolute Memorabilia Tools of the Trade Six Swatch Signatures ;21SS;L2 /25;FALSE
Utah Jazz;2018 - 2019;Panini Absolute;Absolute Memorabilia Tools of the Trade Six Swatch Signatures ;21SS;L3 /10;FALSE
Utah Jazz;2018 - 2019;Panini Absolute;Absolute Memorabilia Tools of the Trade Six Swatch Signatures ;21SS;L4 /5;FALSE
Utah Jazz;2018 - 2019;Panini Absolute;Absolute Memorabilia Tools of the Trade Six Swatch Signatures ;21SS;L5 /1;FALSE
Utah Jazz;2018 - 2019;Panini Court King;Rookies I;120;Base;FALSE
Utah Jazz;2018 - 2019;Panini Court King;Rookies I;120;International;FALSE
Utah Jazz;2018 - 2019;Panini Court King;Court King Rookies II;164;Base;FALSE
Utah Jazz;2018 - 2019;Panini Court King;Court King Rookies II;164;International;FALSE
Utah Jazz;2018 - 2019;Panini Court King;Court King Rookies III;170;Base;FALSE
Utah Jazz;2018 - 2019;Panini Court King;Court King Rookies III;170;International;FALSE
Utah Jazz;2018 - 2019;Panini Court King;Court King Rookies IV;223;Base;FALSE
Utah Jazz;2018 - 2019;Panini Court King;Court King Rookies IV;223;International;FALSE
Utah Jazz;2018 - 2019;Panini Court King;Fresh Paint;5;Base /99;FALSE
Utah Jazz;2018 - 2019;Panini Court King;Fresh Paint;5;Jade;FALSE
Utah Jazz;2018 - 2019;Panini Court King;Fresh Paint;5;Ruby /49;FALSE
Utah Jazz;2018 - 2019;Panini Court King;Fresh Paint;5;Sapphire /25;FALSE
Utah Jazz;2018 - 2019;Panini Court King;Fresh Paint;5;Masterpiece /1;FALSE
Utah Jazz;2018 - 2019;Panini Court King;Acetate Rookies;16;;FALSE
Utah Jazz;2018 - 2019;Panini Court King;Emerging Artists;17;Base;FALSE
Utah Jazz;2018 - 2019;Panini Court King;Emerging Artists;17;Ruby /99;FALSE
Utah Jazz;2018 - 2019;Panini Court King;Emerging Artists;17;Sapphire /25;FALSE
Utah Jazz;2018 - 2019;Panini Court King;Emerging Artists;17;Masterpiece /1;FALSE
Utah Jazz;2018 - 2019;Panini Court King;Rookie Portraits;2;Base /199;FALSE
Utah Jazz;2018 - 2019;Panini Court King;Rookie Portraits;2;Ruby /99;FALSE
Utah Jazz;2018 - 2019;Panini Court King;Rookie Portraits;2;Jade /35;FALSE
Utah Jazz;2018 - 2019;Panini Court King;Rookie Portraits;2;Sapphire /25;FALSE
Utah Jazz;2018 - 2019;Panini Court King;Rookie Portraits;2;Masterpiece /1;FALSE
Utah Jazz;2018 - 2019;Panini Court King;Heir Apparent;8;;FALSE
Utah Jazz;2018 - 2019;Panini Court King;Heir Apparent;8;Jade;FALSE
Utah Jazz;2018 - 2019;Panini Court King;Heir Apparent;8;Ruby /49;FALSE
Utah Jazz;2018 - 2019;Panini Court King;Heir Apparent;8;Sapphire /25;FALSE
Utah Jazz;2018 - 2019;Panini Court King;Heir Apparent;8;Masterpiece /1;FALSE
Utah Jazz;2018 - 2019;Panini Certified;Certified;5;Base;FALSE
Utah Jazz;2018 - 2019;Panini Certified;Certified;5;Gold /10;FALSE
Utah Jazz;2018 - 2019;Panini Certified;Certified;5;Green /5;FALSE
Utah Jazz;2018 - 2019;Panini Certified;Certified;5;Black /1;FALSE
Utah Jazz;2018 - 2019;Panini Certified;New Generation;21NG;Base /149;FALSE
Utah Jazz;2018 - 2019;Panini Certified;New Generation;21NG;Gold /10;FALSE
Utah Jazz;2018 - 2019;Panini Certified;New Generation;21NG;Green /5;FALSE
Utah Jazz;2018 - 2019;Panini Certified;New Generation;21NG;Black /1;FALSE
Utah Jazz;2018 - 2019;Panini Certified; Rookie;171;Base;FALSE
Utah Jazz;2018 - 2019;Panini Certified; Rookie;171;Mirror;FALSE
Utah Jazz;2018 - 2019;Panini Certified; Rookie;171;Red /299;FALSE
Utah Jazz;2018 - 2019;Panini Certified; Rookie;171;Blue /199;FALSE
Utah Jazz;2018 - 2019;Panini Certified; Rookie;171;Orange /99;FALSE
Utah Jazz;2018 - 2019;Panini Certified; Rookie;171;Purple /49;FALSE
Utah Jazz;2018 - 2019;Panini Certified; Rookie;171;Gold  /10;FALSE
Utah Jazz;2018 - 2019;Panini Certified; Rookie;171;Green /5;FALSE
Utah Jazz;2018 - 2019;Panini Certified; Rookie;171;Black /1;FALSE
Utah Jazz;2018 - 2019;Panini Certified;Potential;21;Base;FALSE
Utah Jazz;2018 - 2019;Panini Certified;Potential;21;Gold /10;FALSE
Utah Jazz;2018 - 2019;Panini Certified;Potential;21;Green /5;FALSE
Utah Jazz;2018 - 2019;Panini Certified;Potential;21;Black /1;FALSE
Utah Jazz;2018 - 2019;Panini Certified; Future;20;Base;FALSE
Utah Jazz;2018 - 2019;Panini Certified; Future;20;Gold /10;FALSE
Utah Jazz;2018 - 2019;Panini Certified; Future;20;Green /5;FALSE
Utah Jazz;2018 - 2019;Panini Certified; Future;20;Black /1;FALSE
Utah Jazz;2018 - 2019;Panini Certified;Freshman Fabric Signatures;21;Base /149;FALSE
Utah Jazz;2018 - 2019;Panini Certified;Freshman Fabric Signatures;21;Gold /10;FALSE
Utah Jazz;2018 - 2019;Panini Certified;Freshman Fabric Signatures;21;Green /5;FALSE
Utah Jazz;2018 - 2019;Panini Certified;Freshman Fabric Signatures;21;Black /1;FALSE
Utah Jazz;2018 - 2019;Panini Certified;Fabric of the Game Rookie;21FGR;Base /149;FALSE
Utah Jazz;2018 - 2019;Panini Certified;Fabric of the Game Rookie;21FGR;Gold /10;FALSE
Utah Jazz;2018 - 2019;Panini Certified;Fabric of the Game Rookie;21FGR;Green /5;FALSE
Utah Jazz;2018 - 2019;Panini Certified;Fabric of the Game Rookie;21FGR;Black /1;FALSE
Utah Jazz;2018 - 2019;Panini Certified;Rookie Roll Call;1;Base;FALSE
Utah Jazz;2018 - 2019;Panini Certified;Rookie Roll Call;1;Gold /10;FALSE
Utah Jazz;2018 - 2019;Panini Certified;Rookie Roll Call;1;Green /5;FALSE
Utah Jazz;2018 - 2019;Panini Certified;Rookie Roll Call;1;Black /1;FALSE
Utah Jazz;2018 - 2019;Panini Hoops;Hoops;247;Base;FALSE
Utah Jazz;2018 - 2019;Panini Hoops;Hoops;247;Blue;FALSE
Utah Jazz;2018 - 2019;Panini Hoops;Hoops;247;Purple;FALSE
Utah Jazz;2018 - 2019;Panini Hoops;Hoops;247;Purple Winter;FALSE
Utah Jazz;2018 - 2019;Panini Hoops;Hoops;247;Red Backs;FALSE
Utah Jazz;2018 - 2019;Panini Hoops;Hoops;247;Teal Explosion;FALSE
Utah Jazz;2018 - 2019;Panini Hoops;Hoops;247;Winter;FALSE
Utah Jazz;2018 - 2019;Panini Hoops;Hoops;247;Yellow;FALSE
Utah Jazz;2018 - 2019;Panini Hoops;Hoops;247;Premium Box /199;FALSE
Utah Jazz;2018 - 2019;Panini Hoops;Hoops;247;Silver /199;FALSE
Utah Jazz;2018 - 2019;Panini Hoops;Hoops;247;Green /99;FALSE
Utah Jazz;2018 - 2019;Panini Hoops;Hoops;247;Blue Checkreboard /75;FALSE
Utah Jazz;2018 - 2019;Panini Hoops;Hoops;247;Red /49;FALSE
Utah Jazz;2018 - 2019;Panini Hoops;Hoops;247;Teal /49;FALSE
Utah Jazz;2018 - 2019;Panini Hoops;Hoops;247;Artist Proof /25;FALSE
Utah Jazz;2018 - 2019;Panini Hoops;Hoops;247;Orange /25;FALSE
Utah Jazz;2018 - 2019;Panini Hoops;Hoops;247;Orange Explosion /25;FALSE
Utah Jazz;2018 - 2019;Panini Hoops;Hoops;247;Red Checkerboard /15;FALSE
Utah Jazz;2018 - 2019;Panini Hoops;Hoops;247;Gold /10;FALSE
Utah Jazz;2018 - 2019;Panini Hoops;Hoops;247;Artist Proof /1;FALSE
Utah Jazz;2018 - 2019;Panini Hoops;We Got Next;21WGN;Base;FALSE
Utah Jazz;2018 - 2019;Panini Hoops;We Got Next;21WGN;Artist Proof /25;FALSE
Utah Jazz;2018 - 2019;Panini Hoops;We Got Next;21WGN;Artist Proof Gold /10;FALSE
Utah Jazz;2018 - 2019;Panini Hoops;Rise N Shine;21RS;Base;FALSE
Utah Jazz;2018 - 2019;Panini Hoops;Rise N Shine;21RS;Winter;FALSE
Utah Jazz;2018 - 2019;Panini Hoops;Rise N Shine;21RS;Prime /25;FALSE
Utah Jazz;2018 - 2019;Panini Hoops;Great Significance;99;;FALSE
Utah Jazz;2018 - 2019;Panini Hoops;Great Significance Gold;99GSFG;/10;FALSE
Utah Jazz;2018 - 2019;Panini Hoops;Hot Signatures Rookies;21;Base;FALSE
Utah Jazz;2018 - 2019;Panini Hoops;Rookie Ink;21RI;Red Hot /25;FALSE
Utah Jazz;2018 - 2019;Panini Cornerstones;Cornerstones;169;Base /199;FALSE
Utah Jazz;2018 - 2019;Panini Cornerstones;Cornerstones;169;Crystal /75;FALSE
Utah Jazz;2018 - 2019;Panini Cornerstones;Cornerstones;169;Quartz /49;FALSE
Utah Jazz;2018 - 2019;Panini Cornerstones;Cornerstones;169;Marble /10;FALSE
Utah Jazz;2018 - 2019;Panini Cornerstones;Cornerstones;169;Onyx /1;FALSE
Utah Jazz;2018 - 2019;Panini Cornerstones;Cornerstones Startups;20;Base;FALSE
Utah Jazz;2018 - 2019;Panini Cornerstones;Building Blocks ;BB-GA;Base;FALSE
Utah Jazz;2018 - 2019;Panini Cornerstones;Building Blocks ;BB-GA;Prime /10;FALSE
Utah Jazz;2018 - 2019;Panini Cornerstones;Building Blocks ;BB-GA;Super Prime /1;FALSE
Utah Jazz;2018 - 2019;Panini National Treasures ;Rookie Patch ;102;/99;FALSE
Utah Jazz;2018 - 2019;Panini National Treasures ;Rookie Patch ;102;Horizontal /49;FALSE
Utah Jazz;2018 - 2019;Panini National Treasures ;Rookie Patch ;102;Horizontal Bronze /25;FALSE
Utah Jazz;2018 - 2019;Panini National Treasures ;Rookie Patch ;102;Limited Edition /20;FALSE
Utah Jazz;2018 - 2019;Panini National Treasures ;Rookie Patch ;102;Gold /10;FALSE
Utah Jazz;2018 - 2019;Panini National Treasures ;Rookie Patch ;102;Emerald /5;FALSE
Utah Jazz;2018 - 2019;Panini National Treasures ;Rookie Patch ;102;Limited Edition Blue /3;FALSE
Utah Jazz;2018 - 2019;Panini National Treasures ;Rookie Patch ;102;Logoman /1;FALSE
Utah Jazz;2018 - 2019;Panini National Treasures ;Colossal Rookie;20;/99;FALSE
Utah Jazz;2018 - 2019;Panini National Treasures ;Colossal Rookie;20;Prime /25;FALSE
Utah Jazz;2018 - 2019;Panini National Treasures ;Colossal Rookie;20;Super Prime /1;FALSE
Utah Jazz;2018 - 2019;Panini National Treasures ;Rookie Dual Material ;25;/99;FALSE
Utah Jazz;2018 - 2019;Panini National Treasures ;Rookie Dual Material ;25;Prime /25;FALSE
Utah Jazz;2018 - 2019;Panini National Treasures ;Rookie Dual Material ;25;Super Prime /1;FALSE
Utah Jazz;2018 - 2019;Panini National Treasures ;Jumbo Material ;RJ-GAL;/99;TRUE
Utah Jazz;2018 - 2019;Panini National Treasures ;Jumbo Material ;RJ-GAL;Prime /25;FALSE
Utah Jazz;2018 - 2019;Panini National Treasures ;Jumbo Material ;RJ-GAL;Super Prime /1;FALSE
Utah Jazz;2018 - 2019;Panini National Treasures ;Rookie Logoman ;20NT-RL;/5;FALSE
Utah Jazz;2018 - 2019;Panini National Treasures ;Rookie Materilas; 20NT-RM;Base /99;FALSE
Utah Jazz;2018 - 2019;Panini National Treasures ;Rookie Materilas; 20NT-RM;Prime /25;FALSE
Utah Jazz;2018 - 2019;Panini National Treasures ;Rookie Materilas; 20NT-RM;Super Prime /1;FALSE
Utah Jazz;2018 - 2019;Panini National Treasures ;Rookie Triple Materilas;RTM;Base /99;FALSE
Utah Jazz;2018 - 2019;Panini National Treasures ;Rookie Triple Materilas;RTM;Prime /25;FALSE
Utah Jazz;2018 - 2019;Panini National Treasures ;Rookie Triple Materilas;RTM;Super Prime /1;FALSE
Utah Jazz;2018 - 2019;Panini Chronicles  ;AU Gold Standard Rookie Jersey;20;Base /99;FALSE
Utah Jazz;2018 - 2019;Panini Chronicles  ;AU Gold Standard Rookie Jersey;20;Prime /25;FALSE
Utah Jazz;2018 - 2019;Panini Chronicles  ;AU Gold Standard Rookie Jersey;20;Super Prime /1;FALSE
Utah Jazz;2018 - 2019;Panini Chronicles  ;Origins Rookie AU;20PC-OR;Base /99;FALSE
Utah Jazz;2018 - 2019;Panini Chronicles  ;Origins Rookie AU;20PC-OR;Gold /10;FALSE
Utah Jazz;2018 - 2019;Panini Chronicles  ;Origins Rookie AU;20PC-OR;Platinum /1;FALSE
Utah Jazz;2018 - 2019;Panini Chronicles  ;Momentous Rookie AU ;17;Base /99;FALSE
Utah Jazz;2018 - 2019;Panini Chronicles  ;Momentous Rookie AU ;17;Gold /10;FALSE
Utah Jazz;2018 - 2019;Panini Chronicles  ;Momentous Rookie AU ;17;Platinum /1;FALSE
Utah Jazz;2018 - 2019;Panini Chronicles  ;Rookie Ascent;16;Base /99;FALSE
Utah Jazz;2018 - 2019;Panini Chronicles  ;Rookie Ascent;16;Gold /10;FALSE
Utah Jazz;2018 - 2019;Panini Chronicles  ;Rookie Ascent;16;Platinum /1;FALSE
Utah Jazz;2018 - 2019;Panini Immaculate; Rookie Patch Auto;110;Base /99;FALSE
Utah Jazz;2018 - 2019;Panini Immaculate; Rookie Patch Auto;110;Jersey Member /24;FALSE
Utah Jazz;2018 - 2019;Panini Immaculate; Rookie Patch Auto;110;Red /25;FALSE
Utah Jazz;2018 - 2019;Panini Immaculate; Rookie Patch Auto;110;Gold /10;FALSE
Utah Jazz;2018 - 2019;Panini Immaculate; Rookie Patch Auto;110;Tags /3;FALSE
Utah Jazz;2018 - 2019;Panini Immaculate; Rookie Patch Auto;110;Logoman /1;FALSE
Utah Jazz;2018 - 2019;Panini Immaculate;Triple Autograph ;MB/GA/WC 15;/25;FALSE
Utah Jazz;2018 - 2019;Panini Immaculate;The Standard ;TS;/99;TRUE
Utah Jazz;2018 - 2019;Panini Immaculate;Massive Memorabilia;3;/25;FALSE
Utah Jazz;2018 - 2019;Panini Immaculate;Dual Auto ;GA/WC Jr. 15;/49;FALSE
Utah Jazz;2018 - 2019;Panini Immaculate;Dual Auto ;GA/DM 33;/49;FALSE
Utah Jazz;2018 - 2019;Panini Immaculate;Premium Patch Autographs;89;Base /50;FALSE
Utah Jazz;2018 - 2019;Panini Immaculate;Premium Patch Autographs;89;Red /25;FALSE
Utah Jazz;2018 - 2019;Panini Immaculate;Premium Patch Autographs;89;Gold /10;FALSE
Utah Jazz;2018 - 2019;Panini Immaculate;Premium Patch Autographs;89;Platinum /1;FALSE
Utah Jazz;2018 - 2019;Panini Immaculate;Dual Rookie Logoman AU ;TY/GA 13;/1;FALSE
Utah Jazz;2018 - 2019;Panini Immaculate;Introductions;20;/99;FALSE
Utah Jazz;2018 - 2019;Panini Immaculate;Rookie AU Patch Premium;110;Base /24;FALSE
Utah Jazz;2018 - 2019;Panini Immaculate;Rookie AU Patch Premium;110;Tags /3;FALSE
Utah Jazz;2018 - 2019;Panini  Contenders ;Rookie Ticket AU;130;Base;FALSE
Utah Jazz;2018 - 2019;Panini  Contenders ;Rookie Ticket AU;130;Playoff Ticket /65;FALSE
Utah Jazz;2018 - 2019;Panini  Contenders ;Rookie Ticket AU;130;The Finals Ticket /49;FALSE
Utah Jazz;2018 - 2019;Panini  Contenders ;Rookie Ticket AU;130;Cracked Ice /25;FALSE
Utah Jazz;2018 - 2019;Panini  Contenders ;Rookie Ticket AU;130;Premium Edition Gold /10;FALSE
Utah Jazz;2018 - 2019;Panini  Contenders ;Rookie Ticket AU;130;Championsship Ticket /1;FALSE
Utah Jazz;2018 - 2019;Panini  Contenders ;Rookie Ticket AU;130;Printing Plates /1;FALSE
Utah Jazz;2018 - 2019;Panini  Contenders ;Rookie Ticket AU;130;Printing Plates Cyan /1;FALSE
Utah Jazz;2018 - 2019;Panini  Contenders ;Rookie Ticket AU;130;Printing Plates Magenta /1;FALSE
Utah Jazz;2018 - 2019;Panini  Contenders ;Rookie Ticket AU;130;Printing Plates Yellow /1;FALSE
Utah Jazz;2018 - 2019;Panini  Contenders ;Rookie Ticket AU;130;Printing Plates Black /1;FALSE
Utah Jazz;2018 - 2019;Panini  Contenders ;Rookie Ticket AU Variations;130 RTV;Base;FALSE
Utah Jazz;2018 - 2019;Panini  Contenders ;Rookie Ticket AU Variations;130 RTV;Playoff Ticket /35;FALSE
Utah Jazz;2018 - 2019;Panini  Contenders ;Rookie Ticket AU Variations;130 RTV;The Finals Ticket /25;FALSE
Utah Jazz;2018 - 2019;Panini  Contenders ;Rookie Ticket AU Variations;130 RTV;Cracked Ice Ticket /20;FALSE
Utah Jazz;2018 - 2019;Panini  Contenders ;Rookie Ticket AU Variations;130 RTV;Premium Edition Gold /10;FALSE
Utah Jazz;2018 - 2019;Panini  Contenders ;Rookie Ticket AU Variations;130 RTV;Printing Plates /1;FALSE
Utah Jazz;2018 - 2019;Panini  Contenders ;Rookie Ticket AU Variations;130 RTV;Championsship Ticket /1;FALSE
Utah Jazz;2018 - 2019;Panini  Contenders ;Rookie Ticket AU Variations;130 RTV;Printing Plates Cyan /1;FALSE
Utah Jazz;2018 - 2019;Panini  Contenders ;Rookie Ticket AU Variations;130 RTV;Printing Plates Magenta /1;FALSE
Utah Jazz;2018 - 2019;Panini  Contenders ;Rookie Ticket AU Variations;130 RTV;Printing Plates Yellow /1;FALSE
Utah Jazz;2018 - 2019;Panini  Contenders ;Rookie Ticket AU Variations;130 RTV;Printing Plates Black /1;FALSE
Utah Jazz;2018 - 2019;Panini  Contenders ;Rookie Ticket Swatches AU;27;Base;FALSE
Utah Jazz;2018 - 2019;Panini  Contenders ;Rookie Ticket Swatches AU;27;/10;FALSE
Utah Jazz;2018 - 2019;Panini  Contenders ;Rookie Ticket Swatches AU;27;Retail /10;FALSE
Utah Jazz;2018 - 2019;Panini  Contenders ;Rookie Ticket Swatches AU;27;Prime /1;FALSE
Utah Jazz;2018 - 2019;Panini  Contenders ;Rookie Ticket Swatches AU;27;Retail Prime /1;FALSE
Utah Jazz;2018 - 2019;Panini  Contenders ;Up and Coming AU;27 UC;Base /199;FALSE
Utah Jazz;2018 - 2019;Panini  Contenders ;Up and Coming AU;27 UC;Bronze /25;FALSE
Utah Jazz;2018 - 2019;Panini  Contenders ;Up and Coming AU;27 UC;Gold /10;FALSE
Utah Jazz;2018 - 2019;Panini  Contenders ;Up and Coming AU;27 UC;Platinum /1;FALSE
Utah Jazz;2018 - 2019;Panini Contenders Optic ;Rookie Season Ticket AU;113;Base;FALSE
Utah Jazz;2018 - 2019;Panini Contenders Optic ;Rookie Season Ticket AU;113;Red /149;FALSE
Utah Jazz;2018 - 2019;Panini Contenders Optic ;Rookie Season Ticket AU;113;Blue /99;FALSE
Utah Jazz;2018 - 2019;Panini Contenders Optic ;Rookie Season Ticket AU;113;Orange /25;FALSE
Utah Jazz;2018 - 2019;Panini Contenders Optic ;Rookie Season Ticket AU;113;Gold /10;FALSE
Utah Jazz;2018 - 2019;Panini Contenders Optic ;Rookie Season Ticket AU;113;Gold Vinyl /1;FALSE
Utah Jazz;2018 - 2019;Panini Contenders Optic ;Rookie Season Ticket AU;113;Printing Plates /1;FALSE
Utah Jazz;2018 - 2019;Panini Contenders Optic ;Rookie Season Ticket AU;113;Printing Plates Cyan /1;FALSE
Utah Jazz;2018 - 2019;Panini Contenders Optic ;Rookie Season Ticket AU;113;Printing Plates Magenta /1;FALSE
Utah Jazz;2018 - 2019;Panini Contenders Optic ;Rookie Season Ticket AU;113;Printing Plates Yellow /1;FALSE
Utah Jazz;2018 - 2019;Panini Contenders Optic ;Rookie Season Ticket AU;113;Printing Plates Black /1;FALSE
Utah Jazz;2018 - 2019;Panini Contenders Optic ;Rookie Variations Season Ticket AU ;113 RV-ST;Base;FALSE
Utah Jazz;2018 - 2019;Panini Contenders Optic ;Rookie Variations Season Ticket AU ;113 RV-ST;Red /99;FALSE
Utah Jazz;2018 - 2019;Panini Contenders Optic ;Rookie Variations Season Ticket AU ;113 RV-ST;Blue /49;FALSE
Utah Jazz;2018 - 2019;Panini Contenders Optic ;Rookie Variations Season Ticket AU ;113 RV-ST;Orange /25;FALSE
Utah Jazz;2018 - 2019;Panini Contenders Optic ;Rookie Variations Season Ticket AU ;113 RV-ST;Gold /10;FALSE
Utah Jazz;2018 - 2019;Panini Contenders Optic ;Rookie Variations Season Ticket AU ;113 RV-ST;Gold Vinyl /1;FALSE
Utah Jazz;2018 - 2019;Panini Contenders Optic ;Rookie Variations Season Ticket AU ;113 RV-ST;Printing Plates Cyan /1;FALSE
Utah Jazz;2018 - 2019;Panini Contenders Optic ;Rookie Variations Season Ticket AU ;113 RV-ST;Printing Plates Magenta /1;FALSE
Utah Jazz;2018 - 2019;Panini Contenders Optic ;Rookie Variations Season Ticket AU ;113 RV-ST;Printing Plates Yellow /1;FALSE
Utah Jazz;2018 - 2019;Panini Contenders Optic ;Rookie Variations Season Ticket AU ;113 RV-ST;Printing Plates Black /1;FALSE
Utah Jazz;2018 - 2019;Panini  Crown Royal;Crown Royale;51;Base;FALSE
Utah Jazz;2018 - 2019;Panini  Crown Royal;Crown Royale;51;Crystal /99;FALSE
Utah Jazz;2018 - 2019;Panini  Crown Royal;Crown Royale;51;Red Crystale /49;FALSE
Utah Jazz;2018 - 2019;Panini  Crown Royal;Crown Royale;51;Purple Crystale /25;FALSE
Utah Jazz;2018 - 2019;Panini  Crown Royal;Crown Royale;51;Gold Crystale /10;FALSE
Utah Jazz;2018 - 2019;Panini  Crown Royal;Crown Royale;51;Platinum Crystale /1;FALSE
Utah Jazz;2018 - 2019;Panini  Crown Royal;Rookie Jerseys;8;Base;FALSE
Utah Jazz;2018 - 2019;Panini  Crown Royal;Rookie Jerseys;8;Prime /10;FALSE
Utah Jazz;2018 - 2019;Panini  Crown Royal;Rookie Jerseys;8;Tags /1;FALSE
Utah Jazz;2018 - 2019;Panini  Crown Royal;Rookie Silhouettes;205;Base /199;FALSE
Utah Jazz;2018 - 2019;Panini  Crown Royal;Rookie Silhouettes;205;Prime /25;FALSE
Utah Jazz;2018 - 2019;Panini  Crown Royal;Rookie Silhouettes;205;Super Prime /1;FALSE
Utah Jazz;2018 - 2019;Panini  Crown Royal;Crown Autographs Rookies;31;Base /149;TRUE
Utah Jazz;2018 - 2019;Panini  Crown Royal;Crown Autographs Rookies;31;Red /99;FALSE
Utah Jazz;2018 - 2019;Panini  Crown Royal;Crown Autographs Rookies;31;Blue /49;FALSE
Utah Jazz;2018 - 2019;Panini  Crown Royal;Crown Autographs Rookies;31;Purple /25;FALSE
Utah Jazz;2018 - 2019;Panini  Crown Royal;Crown Autographs Rookies;31;Gold /10;FALSE
Utah Jazz;2018 - 2019;Panini  Crown Royal;Crown Autographs Rookies;31;Platinum /1;FALSE
Utah Jazz;2018 - 2019;Panini  Crown Royal;Rookie Royalty;4;Base /99;FALSE
Utah Jazz;2018 - 2019;Panini  Crown Royal;Rookie Royalty;4;Red /75;FALSE
Utah Jazz;2018 - 2019;Panini  Crown Royal;Rookie Royalty;4;Blue /49;FALSE
Utah Jazz;2018 - 2019;Panini  Crown Royal;Rookie Royalty;4;Purple /25;FALSE
Utah Jazz;2018 - 2019;Panini  Crown Royal;Rookie Royalty;4;Gold /10;FALSE
Utah Jazz;2018 - 2019;Panini  Crown Royal;Rookie Royalty;4;Platinum /1;FALSE
Utah Jazz;2018 - 2019;Panini  Crown Royal;Rookie Jerseys AU;8;Base /199;FALSE
Utah Jazz;2018 - 2019;Panini  Crown Royal;Rookie Jerseys AU;8;Prime /25;FALSE
Utah Jazz;2018 - 2019;Panini  Crown Royal;Rookie Jerseys AU;8;Super Prime /1;FALSE
Utah Jazz;2018 - 2019;Panini Dominion; Rookies Metal;RM;Base /199;FALSE
Utah Jazz;2018 - 2019;Panini Dominion; Rookies Metal;RM;Red /49;FALSE
Utah Jazz;2018 - 2019;Panini Dominion; Rookies Metal;RM;Gold /10;FALSE
Utah Jazz;2018 - 2019;Panini Dominion; Rookies Metal;RM;Platinum /1;FALSE
Utah Jazz;2018 - 2019;Panini Dominion;Rookie Jersey AU;150;Base /199;FALSE
Utah Jazz;2018 - 2019;Panini Dominion;Rookie Jersey AU;150;Red /49;FALSE
Utah Jazz;2018 - 2019;Panini Dominion;Rookie Jersey AU;150;Silver /15;FALSE
Utah Jazz;2018 - 2019;Panini Dominion;Rookie Jersey AU;150;Gold /10;FALSE
Utah Jazz;2018 - 2019;Panini Dominion;Rookie Jersey AU;150;Platinum /1;FALSE
Utah Jazz;2018 - 2019;Panini Dominion;Rookie Quad Signatures ;WCJ/GTJ/GA/MB ;/25;FALSE
Utah Jazz;2018 - 2019;Panini Dominion;Rookie Quad Signatures ;WCJ/GTJ/GA/MB ;Gold /10;FALSE
Utah Jazz;2018 - 2019;Panini Dominion;Rookie Quad Signatures ;WCJ/GTJ/GA/MB ;Platinum /1;FALSE
Utah Jazz;2018 - 2019;Panini Dominion;Quad Rookies;7 AH/AS/CH/GA ;/99;FALSE
Utah Jazz;2018 - 2019;Panini Dominion;Quad Rookies;18 BB/GT/GA/JO; /99;FALSE
Utah Jazz;2018 - 2019;Panini Dominion;Quad Rookies ;14 MB/GT/GA/WC; /99;FALSE
Utah Jazz;2018 - 2019;Panini Dominion;Rookie Materials;RM-GAL;Base /99;TRUE
Utah Jazz;2018 - 2019;Panini Dominion;Rookie Materials;RM-GAL;Gold /10;FALSE
Utah Jazz;2018 - 2019;Panini Dominion;Rookie Materials;RM-GAL;Platinum /1;FALSE
Utah Jazz;2018 - 2019;Panini Dominion;Rookie Showcase Jersey AU;13;Base /49;FALSE
Utah Jazz;2018 - 2019;Panini Dominion;Rookie Showcase Jersey AU;13;Gold /10;FALSE
Utah Jazz;2018 - 2019;Panini Dominion;Rookie Showcase Jersey AU;13;Platinum /1;FALSE
Utah Jazz;2018 - 2019;Panini Dominion;Main Exhibit Rookie AU;3;Base /49;FALSE
Utah Jazz;2018 - 2019;Panini Dominion;Main Exhibit Rookie AU;3;Gold /10;FALSE
Utah Jazz;2018 - 2019;Panini Dominion;Main Exhibit Rookie AU;3;Platinum /1;FALSE
Utah Jazz;2018 - 2019;Panini Dominion;Regal Rookie Signatures;26;Base /49;FALSE
Utah Jazz;2018 - 2019;Panini Dominion;Regal Rookie Signatures;26;Gold /10;FALSE
Utah Jazz;2018 - 2019;Panini Dominion;Regal Rookie Signatures;26;Platinum /1;FALSE
Utah Jazz;2018 - 2019;Panini Dominion;Rookie Dual Signatures ;WCJ/GA;/25;FALSE
Utah Jazz;2018 - 2019;Panini Dominion;Rookie Dual Signatures ;Gold WCJ/GA ;/10 ;FALSE
Utah Jazz;2018 - 2019;Panini Dominion;Rookie Dual Signatures ;Platinum WCJ/GA; /1;FALSE
Utah Jazz;2018 - 2019;Panini Dominion;Rookie Triple Signatures;RTS;/25;FALSE
Utah Jazz;2018 - 2019;Panini Dominion;Rookie Triple Signatures;RTS;Gold /10;FALSE
Utah Jazz;2018 - 2019;Panini Dominion;Rookie Triple Signatures;RTS;Platinum /1;FALSE
Utah Jazz;2018 - 2019;Panini Encased ;Rookie Endorsmends;111;Base /75;FALSE
Utah Jazz;2018 - 2019;Panini Encased ;Rookie Endorsmends;111;Red /25;FALSE
Utah Jazz;2018 - 2019;Panini Encased ;Rookie Endorsmends;111;Gold /10;FALSE
Utah Jazz;2018 - 2019;Panini Encased ;Rookie Endorsmends;111;Green /5;FALSE
Utah Jazz;2018 - 2019;Panini Encased ;Rookie Endorsmends;111;Platinum /1;FALSE
Utah Jazz;2018 - 2019;Panini Encased ;Rookie Scripted Signatures ;RSS;Base /75;FALSE
Utah Jazz;2018 - 2019;Panini Encased ;Rookie Scripted Signatures ;RSS;Red /25;FALSE
Utah Jazz;2018 - 2019;Panini Encased ;Rookie Scripted Signatures ;RSS;Gold /10;FALSE
Utah Jazz;2018 - 2019;Panini Encased ;Rookie Scripted Signatures ;RSS;Green /5;FALSE
Utah Jazz;2018 - 2019;Panini Encased ;Rookie Scripted Signatures ;RSS;Platinum /1;FALSE
Utah Jazz;2018 - 2019;Panini Encased ;Rookie Notable Signatures;RNS;Base /75;FALSE
Utah Jazz;2018 - 2019;Panini Encased ;Rookie Notable Signatures;RNS;Red /25;FALSE
Utah Jazz;2018 - 2019;Panini Encased ;Rookie Notable Signatures;RNS;Gold /10;FALSE
Utah Jazz;2018 - 2019;Panini Encased ;Rookie Notable Signatures;RNS;Green /5;FALSE
Utah Jazz;2018 - 2019;Panini Encased ;Rookie Notable Signatures;RNS;Platinum /1;FALSE
Utah Jazz;2018 - 2019;Panini Encased ;Rookie Jersey AU;210;Base /99;FALSE
Utah Jazz;2018 - 2019;Panini Encased ;Rookie Jersey AU;210;Red /25;FALSE
Utah Jazz;2018 - 2019;Panini Encased ;Rookie Jersey AU;210;Gold /10;FALSE
Utah Jazz;2018 - 2019;Panini Encased ;Rookie Jersey AU;210;Green /5;FALSE
Utah Jazz;2018 - 2019;Panini Encased ;Rookie Jersey AU;210;Platinum /1;FALSE
Utah Jazz;2018 - 2019;Panini Encased ;Rookie Jerseys ;20;Base /99;FALSE
Utah Jazz;2018 - 2019;Panini Flawless ;Flawless Patch AU;FPAU;/25;FALSE
Utah Jazz;2018 - 2019;Panini Flawless ;Flawless Patch AU;FPAU;Ruby /15;FALSE
Utah Jazz;2018 - 2019;Panini Flawless ;Flawless Patch AU;FPAU;Gold /10;FALSE
Utah Jazz;2018 - 2019;Panini Flawless ;Flawless Patch AU;FPAU;Green /5;FALSE
Utah Jazz;2018 - 2019;Panini Flawless ;Flawless Patch AU;FPAU;Platinum /1;FALSE
Utah Jazz;2018 - 2019;Panini Flawless ;Horizontal Patch AU ;43;/15;FALSE
Utah Jazz;2018 - 2019;Panini Flawless ;Horizontal Patch AU ;43;Ruby /15;FALSE
Utah Jazz;2018 - 2019;Panini Flawless ;Horizontal Patch AU ;43;Gold /10;FALSE
Utah Jazz;2018 - 2019;Panini Flawless ;Horizontal Patch AU ;43;Green /5;FALSE
Utah Jazz;2018 - 2019;Panini Flawless ;Horizontal Patch AU ;43;Platinum /1;FALSE
Utah Jazz;2018 - 2019;Panini Flawless ;Signature Prime Materials;17;/25;FALSE
Utah Jazz;2018 - 2019;Panini Flawless ;Signature Prime Materials;17;Ruby /15;FALSE
Utah Jazz;2018 - 2019;Panini Flawless ;Signature Prime Materials;17;Gold /10;FALSE
Utah Jazz;2018 - 2019;Panini Flawless ;Signature Prime Materials;17;Green /5;FALSE
Utah Jazz;2018 - 2019;Panini Flawless ;Signature Prime Materials;17;Platinum /1;FALSE
Utah Jazz;2018 - 2019;Panini Flawless ;Vertical Patch AU;43VPAU;/25;FALSE
Utah Jazz;2018 - 2019;Panini Flawless ;Vertical Patch AU;43VPAU;Ruby /15;FALSE
Utah Jazz;2018 - 2019;Panini Flawless ;Vertical Patch AU;43VPAU;Gold /10;FALSE
Utah Jazz;2018 - 2019;Panini Flawless ;Vertical Patch AU;43VPAU;Green /5;FALSE
Utah Jazz;2018 - 2019;Panini Flawless ;Vertical Patch AU;43VPAU;Platinum /1;FALSE
Utah Jazz;2018 - 2019;Panini Impeccable;Elegance Rookie Jersey AU;ERJ;Base /99;FALSE
Utah Jazz;2018 - 2019;Panini Impeccable;Elegance Rookie Jersey AU;ERJ;Holo Silver /25;FALSE
Utah Jazz;2018 - 2019;Panini Impeccable;Elegance Rookie Jersey AU;ERJ;Holo Gold /10;FALSE
Utah Jazz;2018 - 2019;Panini Impeccable;Elegance Rookie Jersey AU;ERJ;Platinum /1;FALSE
Utah Jazz;2018 - 2019;Panini Impeccable;Silver NBA Logo;10;/22;FALSE
Utah Jazz;2018 - 2019;Panini Impeccable;Rookie Signatures;21;/99;FALSE
Utah Jazz;2018 - 2019;Panini Impeccable;Rookie Signatures;21;Holo Silver /25;FALSE
Utah Jazz;2018 - 2019;Panini Impeccable;Rookie Signatures;21;Holo Gold /10;FALSE
Utah Jazz;2018 - 2019;Panini Impeccable;Rookie Signatures;21;Platinum /1;FALSE
Utah Jazz;2018 - 2019;Panini Instant;Instant ;DN15;;FALSE
Utah Jazz;2018 - 2019;Panini Noir;Rookie Association;146;/85;FALSE
Utah Jazz;2018 - 2019;Panini Noir;Rookie Association;146;Holo Silver /25;FALSE
Utah Jazz;2018 - 2019;Panini Noir;Rookie Association;146;Holo Gold /10;FALSE
Utah Jazz;2018 - 2019;Panini Noir;Rookie Association;146;Platinum /1;FALSE
Utah Jazz;2018 - 2019;Panini Noir;Rookie Icon;176;/85;FALSE
Utah Jazz;2018 - 2019;Panini Noir;Rookie Icon;176;Holo Silver /25;FALSE
Utah Jazz;2018 - 2019;Panini Noir;Rookie Icon;176;Holo Gold /10;FALSE
Utah Jazz;2018 - 2019;Panini Noir;Rookie Icon;176;Platinum /1;FALSE
Utah Jazz;2018 - 2019;Panini Noir;Rookie Patch AU;RPAU;Black and White/99;FALSE
Utah Jazz;2018 - 2019;Panini Noir;Rookie Patch AU;RPAU;Tags /5;FALSE
Utah Jazz;2018 - 2019;Panini Noir;Rookie Patch AU Color;RPAUC;/99;FALSE
Utah Jazz;2018 - 2019;Panini Noir;Rookie Patch AU Color;RPAUC;Tags /5;FALSE
Utah Jazz;2018 - 2019;Panini Noir;Elegantt Decor Rookie Jersey;EDRJU;/65;FALSE
Utah Jazz;2018 - 2019;Panini Noir;Elegantt Decor Rookie Jersey;EDRJU;Tags /1;FALSE
Utah Jazz;2018 - 2019;Panini Noir;New Wave Jersey;NWJ;/99;FALSE
Utah Jazz;2018 - 2019;Panini Noir;New Wave Jersey;NWJ;Tags /1;FALSE
Utah Jazz;2018 - 2019;Panini Noir;Rookie Jumbo Material;RJ-GAL;/99;true
Utah Jazz;2018 - 2019;Panini Noir;Rookie Jumbo Material;RJ-GAL;Prime /6;FALSE
Utah Jazz;2018 - 2019;Panini Noir;Rookie Jumbo Material;RJ-GAL;Brand Logo /5;FALSE
Utah Jazz;2018 - 2019;Panini Noir;Reigning Nights Signatures;RNS;/99;FALSE
Utah Jazz;2018 - 2019;Panini Noir;Reigning Nights Signatures;RNS;Holo Gold /10;FALSE
Utah Jazz;2018 - 2019;Panini Noir;Shadow Sigs;SS;/99;FALSE
Utah Jazz;2018 - 2019;Panini Noir;Shadow Sigs;SS;Holo Gold /10;FALSE
Utah Jazz;2018 - 2019;Panini Noir;Spotlight Signaturesa Vertical;SSV;/99;FALSE
Utah Jazz;2018 - 2019;Donruss;Rated Rookies ;156;Base;true
Utah Jazz;2018 - 2019;Donruss;Rated Rookies ;156;Yellow Flood;FALSE
Utah Jazz;2018 - 2019;Donruss;Rated Rookies ;156;Green Flood;FALSE
Utah Jazz;2018 - 2019;Donruss;Rated Rookies ;156;Green and Yellow Laser holo;FALSE
Utah Jazz;2018 - 2019;Donruss;Rated Rookies ;156;orange Laser Holo;FALSE
Utah Jazz;2018 - 2019;Donruss;Rated Rookies ;156;Press Proof Silver /349;FALSE
Utah Jazz;2018 - 2019;Donruss;Rated Rookies ;156;Press Proof Purple /199;FALSE
Utah Jazz;2018 - 2019;Donruss;Rated Rookies ;156;Press Proof Red Laser /99;FALSE
Utah Jazz;2018 - 2019;Donruss;Rated Rookies ;156;Green Laser Holo /99;TRUE
Utah Jazz;2018 - 2019;Donruss;Rated Rookies ;156;Pink Laser Holo /79;FALSE
Utah Jazz;2018 - 2019;Donruss;Rated Rookies ;156;Press Proof Blue Laser /49;FALSE
Utah Jazz;2018 - 2019;Donruss;Rated Rookies ;156;Yellow Laser Holo /25;FALSE
Utah Jazz;2018 - 2019;Donruss;Rated Rookies ;156;Purple Laser Holo /15;FALSE
Utah Jazz;2018 - 2019;Donruss;Rated Rookies ;156;Press Proof Gold Laser /10;FALSE
Utah Jazz;2018 - 2019;Donruss;Rated Rookies ;156;Red and Blue Laser Holo /10;FALSE
Utah Jazz;2018 - 2019;Donruss;Rated Rookies ;156;Press Proof Black Laser /1;FALSE
Utah Jazz;2018 - 2019;Donruss;Rookie Kings;30;Base;FALSE
Utah Jazz;2018 - 2019;Donruss;Rookie Kings;30;Green Flood;FALSE
Utah Jazz;2018 - 2019;Donruss;Rookie Kings;30;Press Proof;FALSE
Utah Jazz;2018 - 2019;Donruss;Rookie Kings;30;Orange Press Proof /125;FALSE
Utah Jazz;2018 - 2019;Donruss;Rookie Kings;30;Red Press Proof /99;FALSE
Utah Jazz;2018 - 2019;Donruss;Rookie Kings;30;Blue Press Proof /49;FALSE
Utah Jazz;2018 - 2019;Donruss;Rookie Kings;30;Purple Press Proof /49;FALSE
Utah Jazz;2018 - 2019;Donruss;Rookie Kings;30;Black Press Proof /49;FALSE
Utah Jazz;2018 - 2019;Donruss;Rookie Jerseys;27;Base;FALSE
Utah Jazz;2018 - 2019;Donruss;Rookie Jerseys;27;Prime /25;FALSE
Utah Jazz;2018 - 2019;Donruss;Next Day Autograph;27NDA;Base;FALSE
Utah Jazz;2018 - 2019;Donruss;Rookie Dominator Signatures;27RDS;Base /99;FALSE
Utah Jazz;2018 - 2019;Donruss;Rookie Dominator Signatures;27RDS;Gold /10;FALSE
Utah Jazz;2018 - 2019;Donruss;Rookie Dominator Signatures;27RDS;Black /1;FALSE
Utah Jazz;2018 - 2019;Donruss;Rookie Material Signatures;23;/99;FALSE
Utah Jazz;2018 - 2019;Donruss;Rookie Material Signatures;23;Prime /10;FALSE
Utah Jazz;2018 - 2019;Donruss;Signature Series;51;Base;FALSE
Utah Jazz;2018 - 2019;Donruss;Signature Series;51;Gold /10;FALSE
Utah Jazz;2018 - 2019;Donruss;Significant Signatures;51SS;Base;FALSE
Utah Jazz;2018 - 2019;Donruss;Significant Signatures;51SS;Green /5;FALSE
Utah Jazz;2018 - 2019;Donruss;Significant Signatures;51SS;Black /1;FALSE
Utah Jazz;2018 - 2019;Donruss;Timless Treasures Material Signatures;57;/99;FALSE
Utah Jazz;2018 - 2019;Donruss;Timless Treasures Material Signatures;57;Prime /10;FALSE
Utah Jazz;2018 - 2019;Donruss Optic ;Rated Rookies ;156DORR;Base;FALSE
Utah Jazz;2018 - 2019;Donruss Optic ;Rated Rookies ;156DORR;Holo;FALSE
Utah Jazz;2018 - 2019;Donruss Optic ;Rated Rookies ;156DORR;Blue Velocity ;TRUE
Utah Jazz;2018 - 2019;Donruss Optic ;Rated Rookies ;156DORR;Checkerboard;FALSE
Utah Jazz;2018 - 2019;Donruss Optic ;Rated Rookies ;156DORR;Choice;FALSE
Utah Jazz;2018 - 2019;Donruss Optic ;Rated Rookies ;156DORR;Choice Dragon;FALSE
Utah Jazz;2018 - 2019;Donruss Optic ;Rated Rookies ;156DORR;Fast Break Holo;FALSE
Utah Jazz;2018 - 2019;Donruss Optic ;Rated Rookies ;156DORR;Hyper Pink;FALSE
Utah Jazz;2018 - 2019;Donruss Optic ;Rated Rookies ;156DORR;Purple;FALSE
Utah Jazz;2018 - 2019;Donruss Optic ;Rated Rookies ;156DORR;Shock;true
Utah Jazz;2018 - 2019;Donruss Optic ;Rated Rookies ;156DORR;White Sparkle;FALSE
Utah Jazz;2018 - 2019;Donruss Optic ;Rated Rookies ;156DORR;Premium Box Set /249;FALSE
Utah Jazz;2018 - 2019;Donruss Optic ;Rated Rookies ;156DORR;Orange /199;FALSE
Utah Jazz;2018 - 2019;Donruss Optic ;Rated Rookies ;156DORR;Lime Green /149;FALSE
Utah Jazz;2018 - 2019;Donruss Optic ;Rated Rookies ;156DORR;Red /99;FALSE
Utah Jazz;2018 - 2019;Donruss Optic ;Rated Rookies ;156DORR;Fast Break Purple /95;FALSE
Utah Jazz;2018 - 2019;Donruss Optic ;Rated Rookies ;156DORR;Choice Red /88;FALSE
Utah Jazz;2018 - 2019;Donruss Optic ;Rated Rookies ;156DORR;Fast Break Red /85;FALSE
Utah Jazz;2018 - 2019;Donruss Optic ;Rated Rookies ;156DORR;Pink Velocity /79;FALSE
Utah Jazz;2018 - 2019;Donruss Optic ;Rated Rookies ;156DORR;Fast Break Blue /50;FALSE
Utah Jazz;2018 - 2019;Donruss Optic ;Rated Rookies ;156DORR;Blue /49;FALSE
Utah Jazz;2018 - 2019;Donruss Optic ;Rated Rookies ;156DORR;Black Velocity /39;FALSE
Utah Jazz;2018 - 2019;Donruss Optic ;Rated Rookies ;156DORR;Pink /25;FALSE
Utah Jazz;2018 - 2019;Donruss Optic ;Rated Rookies ;156DORR;Fast Break Pink /20;FALSE
Utah Jazz;2018 - 2019;Donruss Optic ;Rated Rookies ;156DORR;Purple Stars FOTL /13;FALSE
Utah Jazz;2018 - 2019;Donruss Optic ;Rated Rookies ;156DORR;Fast Break Gold /10;FALSE
Utah Jazz;2018 - 2019;Donruss Optic ;Rated Rookies ;156DORR;Gold /10;FALSE
Utah Jazz;2018 - 2019;Donruss Optic ;Rated Rookies ;156DORR;Choice Black Gold /8;FALSE
Utah Jazz;2018 - 2019;Donruss Optic ;Rated Rookies ;156DORR;Green /5;FALSE
Utah Jazz;2018 - 2019;Donruss Optic ;Rated Rookies ;156DORR;Black /1;FALSE
Utah Jazz;2018 - 2019;Donruss Optic ;Rated Rookies ;156DORR;Choice Nebula /1;FALSE
Utah Jazz;2018 - 2019;Donruss Optic ;Rated Rookies ;156DORR;Fast Break Black /1;FALSE
Utah Jazz;2018 - 2019;Donruss Optic ;Rated Rookies ;156DORR;Gold Vinyl /1;FALSE
Utah Jazz;2018 - 2019;Panini Obsidian;Obsidian;RC 89;Base;FALSE
Utah Jazz;2018 - 2019;Panini Obsidian;Obsidian;RC 89;Purple /49;FALSE
Utah Jazz;2018 - 2019;Panini Obsidian;Obsidian;RC 89;Orange /25;FALSE
Utah Jazz;2018 - 2019;Panini Obsidian;Obsidian;RC 89;Green /15;FALSE
Utah Jazz;2018 - 2019;Panini Obsidian;Obsidian;RC 89;Yellow /10;FALSE
Utah Jazz;2018 - 2019;Panini Obsidian;Obsidian;RC 89;Red /5;FALSE
Utah Jazz;2018 - 2019;Panini Obsidian;Obsidian;RC 89;White Mojo /1;FALSE
Utah Jazz;2018 - 2019;Panini Opulence;Rookie AU;RAU;/99;FALSE
Utah Jazz;2018 - 2019;Panini Opulence;Rookie AU;RAU;Gold /10;FALSE
Utah Jazz;2018 - 2019;Panini Opulence;Rookie AU;RAU;Holo Gold /10;FALSE
Utah Jazz;2018 - 2019;Panini Opulence;Rookie AU;RAU;Platinum /1;FALSE
Utah Jazz;2018 - 2019;Panini Opulence;Rookie Patch AU;RP-AU;/79;FALSE
Utah Jazz;2018 - 2019;Panini Opulence;Rookie Patch AU;RP-AU;Gold /25;FALSE
Utah Jazz;2018 - 2019;Panini Opulence;Rookie Patch AU;RP-AU;Holo Gold /10;FALSE
Utah Jazz;2018 - 2019;Panini Opulence;Rookie Patch AU;RP-AU;Platinum /1;FALSE
Utah Jazz;2018 - 2019;Panini Opulence;Golden Rookie Quad Booklet;GA/JR/KH/MB;/20;FALSE
Utah Jazz;2018 - 2019;Panini Opulence;Golden Rookie Quad Booklet;DD/GA/SGA/TY;/5;FALSE
Utah Jazz;2018 - 2019;Panini Opulence;Golden Rookie  Brand Logo;GRBL;/2;FALSE
Utah Jazz;2018 - 2019;Panini Opulence;Golden Rookie  Brand Logo;CS/GA/SGA/TY;/2;FALSE
Utah Jazz;2018 - 2019;Panini Opulence;Golden Rookie Booklet Logo;GA/JR/KH/MB;/1;FALSE
Utah Jazz;2018 - 2019;Panini Opulence;Golden Rookie Booklet Logo;CS/GA/SGA/TY;/1;FALSE
Utah Jazz;2018 - 2019;Panini Opulence;Golden Rookie Booklet Logo;DD/GA/SGA/TY;/1;FALSE
Utah Jazz;2018 - 2019;Panini Opulence;Golden Rookie Quad Booklet;GA/JR/KH/MB;/1;FALSE
Utah Jazz;2018 - 2019;Panini Opulence;Rookie Patches Booklet;RPB;/20;FALSE
Utah Jazz;2018 - 2019;Panini Opulence;Rookie Patches Booklet;RPB;Brand Logo /5;FALSE
Utah Jazz;2018 - 2019;Panini Opulence;Rookie Patches Booklet;RPB;Sponsor Logo /4;FALSE
Utah Jazz;2018 - 2019;Panini Opulence;Rookie Patches Booklet;RPB;Tags /4;FALSE
Utah Jazz;2018 - 2019;Panini Opulence;Nouveau Riche Signatures;NRS;/99;FALSE
Utah Jazz;2018 - 2019;Panini Opulence;Nouveau Riche Signatures;NRS;Gold /25;FALSE
Utah Jazz;2018 - 2019;Panini Opulence;Nouveau Riche Signatures;NRS;Brand Logo /5;FALSE
Utah Jazz;2018 - 2019;Panini Opulence;Nouveau Riche Signatures;NRS;Nameplate /5;FALSE
Utah Jazz;2018 - 2019;Panini Opulence;Nouveau Riche Signatures;NRS;Sponsor Logo /5;FALSE
Utah Jazz;2018 - 2019;Panini Player of The Day ;Panini PoTD AU;PP;Base;FALSE
Utah Jazz;2018 - 2019;Panini Player of The Day ;Memorabilia;GA;Base;FALSE
Utah Jazz;2018 - 2019;Panini Player of The Day ;Rookies;R10;Base;TRUE
Utah Jazz;2018 - 2019;Panini Player of The Day ;Rookies;R10;Checkerboard /30;FALSE
Utah Jazz;2018 - 2019;Panini Player of The Day ;Rookies;R10;Rapture /20;FALSE
Utah Jazz;2018 - 2019;Panini Player of The Day ;Rookies;R10;Explosion /10;FALSE
Utah Jazz;2018 - 2019;Panini Player of The Day ;Rookies;R10;Hyper Plaid/1;FALSE
Utah Jazz;2018 - 2019;Panini Threads; Rookies Association;117;Base;FALSE
Utah Jazz;2018 - 2019;Panini Threads; Rookies Association;117;Dazzle;TRUE
Utah Jazz;2018 - 2019;Panini Threads; Rookies Association;117;Dazzle Gold /10;FALSE
Utah Jazz;2018 - 2019;Panini Threads; Rookies Association;117;Dazzle Black /1;FALSE
Utah Jazz;2018 - 2019;Panini Threads; Rookies Association;117;Premium /199;FALSE
Utah Jazz;2018 - 2019;Panini Threads; Rookies Association;117;Premium Blue /75;FALSE
Utah Jazz;2018 - 2019;Panini Threads; Rookies Association;117;Premium Gold /10;FALSE
Utah Jazz;2018 - 2019;Panini Threads; Rookies Association;117;Premium Black /1;FALSE
Utah Jazz;2018 - 2019;Panini Threads;Rookies Icon;157;Base;FALSE
Utah Jazz;2018 - 2019;Panini Threads;Rookies Icon;157;Dazzle;FALSE
Utah Jazz;2018 - 2019;Panini Threads;Rookies Icon;157;Dazzle Gold /10;FALSE
Utah Jazz;2018 - 2019;Panini Threads;Rookies Icon;157;Dazzle Black /1;FALSE
Utah Jazz;2018 - 2019;Panini Threads;Rookies Statement;197;Base;FALSE
Utah Jazz;2018 - 2019;Panini Threads;Rookies Statement;197;Dazzle;true
Utah Jazz;2018 - 2019;Panini Threads;Rookies Statement;197;Dazzle Gold /10;FALSE
Utah Jazz;2018 - 2019;Panini Threads;Rookies Statement;197;Dazzle Black /1;FALSE
Utah Jazz;2018 - 2019;Panini Threads;Next Wave;11;Base;TRUE
Utah Jazz;2018 - 2019;Panini Threads;Next Wave;11;Dazzle;FALSE
Utah Jazz;2018 - 2019;Panini Threads;Next Wave;11;Dazzle Gold /10;FALSE
Utah Jazz;2018 - 2019;Panini Threads;Next Wave;11;Dazzle Black /1;FALSE
Utah Jazz;2018 - 2019;Panini Threads;Rookie Threads;13;Base;FALSE
Utah Jazz;2018 - 2019;Panini Threads;Rookie Threads;13;Prime /25;FALSE
Utah Jazz;2018 - 2019;Panini Threads;Rookie Signatures;23;Base;FALSE
Utah Jazz;2018 - 2019;Panini Threads;Rookie Signatures;23;Premium /105;FALSE
Utah Jazz;2018 - 2019;Panini Threads;Rookie Signatures;23;Gold /25;FALSE
Utah Jazz;2018 - 2019;Panini Threads;Rookie Signatures;23;Premium Gold /10;FALSE
Utah Jazz;2018 - 2019;Panini Revolution;Revolution ;107;Base;TRUE
Utah Jazz;2018 - 2019;Panini Revolution;Revolution ;107;Astro;FALSE
Utah Jazz;2018 - 2019;Panini Revolution;Revolution ;107;Chinese New Year;TRUE
Utah Jazz;2018 - 2019;Panini Revolution;Revolution ;107;Fractal;FALSE
Utah Jazz;2018 - 2019;Panini Revolution;Revolution ;107;Galactic;FALSE
Utah Jazz;2018 - 2019;Panini Revolution;Revolution ;107;Groove;FALSE
Utah Jazz;2018 - 2019;Panini Revolution;Revolution ;107;Impact;FALSE
Utah Jazz;2018 - 2019;Panini Revolution;Revolution ;107;Cosmic /100;FALSE
Utah Jazz;2018 - 2019;Panini Revolution;Revolution ;107;Chinese New Year Emerald /88;FALSE
Utah Jazz;2018 - 2019;Panini Revolution;Revolution ;107;Starburst /75;FALSE
Utah Jazz;2018 - 2019;Panini Revolution;Revolution ;107;Cubic /50;FALSE
Utah Jazz;2018 - 2019;Panini Revolution;Revolution ;107;Lava /10;FALSE
Utah Jazz;2018 - 2019;Panini Revolution;Revolution ;107;Chinese New Year Holo Gold /8;FALSE
Utah Jazz;2018 - 2019;Panini Revolution;Rookie Revolution;16;Base;FALSE
Utah Jazz;2018 - 2019;Panini Revolution;Rookie Revolution;16;Galactic;FALSE
Utah Jazz;2018 - 2019;Panini Revolution;Rookie Revolution;16;Impact;FALSE
Utah Jazz;2018 - 2019;Panini Revolution;Rookie Revolution;16;Cubic /50;FALSE
Utah Jazz;2018 - 2019;Panini Select;Select;9;Base;TRUE
Utah Jazz;2018 - 2019;Panini Select;Select;9;Silver ;TRUE
Utah Jazz;2018 - 2019;Panini Select;Select;9;Scope ;TRUE
Utah Jazz;2018 - 2019;Panini Select;Select;9;Tri Color;FALSE
Utah Jazz;2018 - 2019;Panini Select;Select;9;Zebra;FALSE
Utah Jazz;2018 - 2019;Panini Select;Select;9;Light Blue/299;FALSE
Utah Jazz;2018 - 2019;Panini Select;Select;9;Red /199;FALSE
Utah Jazz;2018 - 2019;Panini Select;Select;9;White /149;FALSE
Utah Jazz;2018 - 2019;Panini Select;Select;9;Neon Green /75;FALSE
Utah Jazz;2018 - 2019;Panini Select;Select;9;Tie-Dye /25;FALSE
Utah Jazz;2018 - 2019;Panini Select;Select;9;Neon Orange Pulsar /13;FALSE
Utah Jazz;2018 - 2019;Panini Select;Select;9;Gold /10;FALSE
Utah Jazz;2018 - 2019;Panini Select;Select;9;Green /5;FALSE
Utah Jazz;2018 - 2019;Panini Select;Select;9;Black /1;FALSE
Utah Jazz;2018 - 2019;Panini Select;Premier Level;106;Base;FALSE
Utah Jazz;2018 - 2019;Panini Select;Premier Level;106;Silver;FALSE
Utah Jazz;2018 - 2019;Panini Select;Premier Level;106;Scope ;FALSE
Utah Jazz;2018 - 2019;Panini Select;Premier Level;106;Tri Color;FALSE
Utah Jazz;2018 - 2019;Panini Select;Premier Level;106;Zebra;FALSE
Utah Jazz;2018 - 2019;Panini Select;Premier Level;106;Blue Die Cut /249;TRUE
Utah Jazz;2018 - 2019;Panini Select;Premier Level;106;Purple Die Cut /99;FALSE
Utah Jazz;2018 - 2019;Panini Select;Premier Level;106;Maroon Die Cut /75;FALSE
Utah Jazz;2018 - 2019;Panini Select;Premier Level;106;Orange Die Cut /65;FALSE
Utah Jazz;2018 - 2019;Panini Select;Premier Level;106;Tie Dye Die Cut /25;FALSE
Utah Jazz;2018 - 2019;Panini Select;Premier Level;106;Neon Orange Die Cut /13;FALSE
Utah Jazz;2018 - 2019;Panini Select;Premier Level;106;Gold Die Cut /10;FALSE
Utah Jazz;2018 - 2019;Panini Select;Premier Level;106;Green Die Cut /5;FALSE
Utah Jazz;2018 - 2019;Panini Select;Premier Level;106;Black Die Cut /1;FALSE
Utah Jazz;2018 - 2019;Panini Select;Courtside;209;Base;FALSE
Utah Jazz;2018 - 2019;Panini Select;Courtside;209;Silver;FALSE
Utah Jazz;2018 - 2019;Panini Select;Courtside;209;Zebra;FALSE
Utah Jazz;2018 - 2019;Panini Select;Courtside;209;Copper /60;FALSE
Utah Jazz;2018 - 2019;Panini Select;Courtside;209;Tie Dye /25;FALSE
Utah Jazz;2018 - 2019;Panini Select;Courtside;209;Neon Orange Pulsar /13;FALSE
Utah Jazz;2018 - 2019;Panini Select;Courtside;209;Gold /10;FALSE
Utah Jazz;2018 - 2019;Panini Select;Courtside;209;Green /5;FALSE
Utah Jazz;2018 - 2019;Panini Select;Courtside;209;Black /1;FALSE
Utah Jazz;2018 - 2019;Panini Select;Phenomenon;5;Base;FALSE
Utah Jazz;2018 - 2019;Panini Select;Phenomenon;5;Silver /99;FALSE
Utah Jazz;2018 - 2019;Panini Select;Phenomenon;5;Gold /10;FALSE
Utah Jazz;2018 - 2019;Panini Select;Phenomenon;5;Black /1;FALSE
Utah Jazz;2018 - 2019;Panini Select;Draft Selections Memorabilia;13;Base;FALSE
Utah Jazz;2018 - 2019;Panini Select;Draft Selections Memorabilia;13;Purple /99;FALSE
Utah Jazz;2018 - 2019;Panini Select;Draft Selections Memorabilia;13;Tie Dye /25;TRUE
Utah Jazz;2018 - 2019;Panini Select;Draft Selections Memorabilia;13;Gold /10;FALSE
Utah Jazz;2018 - 2019;Panini Select;Draft Selections Memorabilia;13;Black /1;FALSE
Utah Jazz;2018 - 2019;Panini Select;Rookie Jersey AU;4;/99;FALSE
Utah Jazz;2018 - 2019;Panini Select;Rookie Jersey AU;4;Purple /49;FALSE
Utah Jazz;2018 - 2019;Panini Select;Rookie Jersey AU;4;Tie Dye /25;FALSE
Utah Jazz;2018 - 2019;Panini Select;Rookie Jersey AU;4;Gold /10;FALSE
Utah Jazz;2018 - 2019;Panini Select;Rookie Jersey AU;4;Black /1;FALSE
Utah Jazz;2018 - 2019;Panini Select;Rookie Signatures;RS;/199;FALSE
Utah Jazz;2018 - 2019;Panini Select;Rookie Signatures;RS;Neon Green /99;FALSE
Utah Jazz;2018 - 2019;Panini Select;Rookie Signatures;RS;Tie Dye /25;FALSE
Utah Jazz;2018 - 2019;Panini Select;Rookie Signatures;RS;Gold /10;FALSE
Utah Jazz;2018 - 2019;Panini Select;Rookie Signatures;RS;Black /1;FALSE
Utah Jazz;2018 - 2019;Panini Contenders;Draft Picks College Ticket AU;DPCT;Base;FALSE
Utah Jazz;2018 - 2019;Panini Contenders;Draft Picks College Ticket AU;DPCT;Blue Foil;FALSE
Utah Jazz;2018 - 2019;Panini Contenders;Draft Picks College Ticket AU;DPCT;Red Foil;FALSE
Utah Jazz;2018 - 2019;Panini Contenders;Draft Picks College Ticket AU;DPCT;/99;FALSE
Utah Jazz;2018 - 2019;Panini Contenders;Draft Picks College Ticket AU;DPCT;Cracked Ice /23;FALSE
Utah Jazz;2018 - 2019;Panini Contenders;Draft Picks College Ticket AU;DPCT;Playoff Ticket /15;FALSE
Utah Jazz;2018 - 2019;Panini Contenders;Draft Picks College Ticket AU;DPCT;Championsship Ticket /1;FALSE
Utah Jazz;2018 - 2019;Panini Contenders;Draft Picks College Ticket AU;DPCT;Printing Plates Yellow /1;FALSE
Utah Jazz;2018 - 2019;Panini Contenders;Draft Picks College Ticket AU;DPCT;Printing Plates Magenta /1;FALSE
Utah Jazz;2018 - 2019;Panini Contenders;Draft Picks College Ticket AU;DPCT;Printing Plates Cyan /1;FALSE
Utah Jazz;2018 - 2019;Panini Contenders;Draft Picks College Ticket AU;DPCT;Printing Plates Black /1;FALSE
Utah Jazz;2018 - 2019;Panini Contenders;Game Day Ticket;29;Base;TRUE
Utah Jazz;2018 - 2019;Panini Contenders;Game Day Ticket;29;Cracked Ice /23;FALSE
Utah Jazz;2018 - 2019;Panini Contenders;Game Day Ticket;29;Championsship /1;FALSE
Utah Jazz;2018 - 2019;Panini Contenders;School Colors;29SC;Base;FALSE
Utah Jazz;2018 - 2019;Panini Contenders;School Colors;29SC;Cracked Ice /23;FALSE
Utah Jazz;2018 - 2019;Panini Status;Status;110;Base;FALSE
Utah Jazz;2018 - 2019;Panini Status;Status;110;Aqua;FALSE
Utah Jazz;2018 - 2019;Panini Status;Status;110;Green;FALSE
Utah Jazz;2018 - 2019;Panini Status;Status;110;Orange;FALSE
Utah Jazz;2018 - 2019;Panini Status;Status;110;Pursuit;FALSE
Utah Jazz;2018 - 2019;Panini Status;Status;110;Status /24;FALSE
Utah Jazz;2018 - 2019;Panini Status;Status;110;Gold /10;FALSE
Utah Jazz;2018 - 2019;Panini Status;Status;110;Kaleido /1;FALSE
Utah Jazz;2018 - 2019;Panini Status;Factions;11 DM/GA/RR;Base;FALSE
Utah Jazz;2018 - 2019;Panini Status;Factions;11 DM/GA/RR;Blue;FALSE
Utah Jazz;2018 - 2019;Panini Status;Factions;11 DM/GA/RR;Purple;FALSE
Utah Jazz;2018 - 2019;Panini Status;Factions;11 DM/GA/RR;Red;FALSE
Utah Jazz;2018 - 2019;Panini Status;Rookie Credentials;24;Base;FALSE
Utah Jazz;2018 - 2019;Panini Status;Rookie Credentials;24;Aqua;FALSE
Utah Jazz;2018 - 2019;Panini Status;Rookie Credentials;24;Green;FALSE
Utah Jazz;2018 - 2019;Panini Status;Rookie Credentials;24;Orange;FALSE
Utah Jazz;2018 - 2019;Panini Status;Draft Night Autograph;8;/32;FALSE
Utah Jazz;2018 - 2019;Panini Status;Rookie Prominence;20;Base;FALSE
Utah Jazz;2018 - 2019;Panini Status;Rookie Prominence;20;Blue;FALSE
Utah Jazz;2018 - 2019;Panini Status;Rookie Prominence;20;Purple;FALSE
Utah Jazz;2018 - 2019;Panini Status;Rookie Prominence;20;Red;FALSE
Utah Jazz;2018 - 2019;Panini Status;Rookie Essentials;22;Base;FALSE
Utah Jazz;2018 - 2019;Panini Status;Rookie Essentials;22;Prime /10;FALSE
Utah Jazz;2018 - 2019;Panini Status;New Breed;2;Base;FALSE
Utah Jazz;2018 - 2019;Panini Status;New Breed;2;Pink /25;FALSE
Utah Jazz;2018 - 2019;Panini Status;New Breed;2;Gold /10;FALSE
Utah Jazz;2018 - 2019;Panini Status;New Breed;2;Championship /1;FALSE
Memphis Grizzlies;2019 - 2020;Panini Certified;Certified Signatures;33;Base;FALSE
Memphis Grizzlies;2019 - 2020;Panini Certified;Certified Signatures;33;Camo /25;FALSE
Memphis Grizzlies;2019 - 2020;Panini Certified;Certified Signatures;33;Gold /10;FALSE
Memphis Grizzlies;2019 - 2020;Panini Certified;Certified Signatures;33;Black /1;FALSE
Memphis Grizzlies;2019 - 2020;Panini Immaculate;Modern Marks;34;/75;FALSE
Memphis Grizzlies;2019 - 2020;Panini Immaculate;Modern Marks;34;Red /25;FALSE
Memphis Grizzlies;2019 - 2020;Panini Immaculate;Modern Marks;34;Gold /10;FALSE
Memphis Grizzlies;2019 - 2020;Panini Immaculate;Modern Marks;34;Platinum /1;FALSE
Memphis Grizzlies;2019 - 2020;Panini Immaculate;Past and Present;36;/75;FALSE
Memphis Grizzlies;2019 - 2020;Panini Immaculate;Past and Present;36;Gold /10;FALSE
Memphis Grizzlies;2019 - 2020;Panini Immaculate;Past and Present;36;Platinum /1;FALSE
Memphis Grizzlies;2019 - 2020;Panini Chronicles  ;Airborne Signatures;21;/99;FALSE
Memphis Grizzlies;2019 - 2020;Panini Chronicles  ;Airborne Signatures;21;Red;FALSE
Memphis Grizzlies;2019 - 2020;Panini Chronicles  ;Airborne Signatures;21;Silver;FALSE
Memphis Grizzlies;2019 - 2020;Panini Chronicles  ;Airborne Signatures;21;Blue /25;FALSE
Memphis Grizzlies;2019 - 2020;Panini Chronicles  ;Airborne Signatures;21;Gold /10;FALSE
Memphis Grizzlies;2019 - 2020;Panini Chronicles  ;Airborne Signatures;21;Black /1;FALSE
Memphis Grizzlies;2019 - 2020;Panini Illusions;Trophy Collection;27;Base;FALSE
Memphis Grizzlies;2019 - 2020;Panini Illusions;Trophy Collection;27;Emerald /25;FALSE
Memphis Grizzlies;2019 - 2020;Panini Illusions;Trophy Collection;27;Sapphire /15;FALSE
Memphis Grizzlies;2019 - 2020;Panini Illusions;Trophy Collection;27;Orange /10;FALSE
Memphis Grizzlies;2019 - 2020;Panini Illusions;Trophy Collection;27;Pink /5;FALSE
Memphis Grizzlies;2019 - 2020;Panini Mosaic;Mosaic;116;Base;FALSE
Memphis Grizzlies;2019 - 2020;Panini Mosaic;Mosaic;116;Mosaic;FALSE
Memphis Grizzlies;2019 - 2020;Panini Mosaic;Mosaic;116;Camo Pink;FALSE
Memphis Grizzlies;2019 - 2020;Panini Mosaic;Mosaic;116;Choice Peacock;FALSE
Memphis Grizzlies;2019 - 2020;Panini Mosaic;Mosaic;116;Fast Break Silver;FALSE
Memphis Grizzlies;2019 - 2020;Panini Mosaic;Mosaic;116;Genesis;FALSE
Memphis Grizzlies;2019 - 2020;Panini Mosaic;Mosaic;116;Green;FALSE
Memphis Grizzlies;2019 - 2020;Panini Mosaic;Mosaic;116;Reactive Blue;FALSE
Memphis Grizzlies;2019 - 2020;Panini Mosaic;Mosaic;116;Reactive Orange;FALSE
Memphis Grizzlies;2019 - 2020;Panini Mosaic;Mosaic;116;Silver;FALSE
Memphis Grizzlies;2019 - 2020;Panini Mosaic;Mosaic;116;Red;FALSE
Memphis Grizzlies;2019 - 2020;Panini Mosaic;Mosaic;116;Blue;FALSE
Memphis Grizzlies;2019 - 2020;Panini Mosaic;Mosaic;116;Blue /99;FALSE
Memphis Grizzlies;2019 - 2020;Panini Mosaic;Mosaic;116;Choice Red /88;FALSE
Memphis Grizzlies;2019 - 2020;Panini Mosaic;Mosaic;116;Fast Break Blue /85;FALSE
Memphis Grizzlies;2019 - 2020;Panini Mosaic;Mosaic;116;Fast Break Purple /50;FALSE
Memphis Grizzlies;2019 - 2020;Panini Mosaic;Mosaic;116;Purple /49;FALSE
Memphis Grizzlies;2019 - 2020;Panini Mosaic;Mosaic;116;Orange Fluorescent /25;FALSE
Memphis Grizzlies;2019 - 2020;Panini Mosaic;Mosaic;116;White /25;FALSE
Memphis Grizzlies;2019 - 2020;Panini Mosaic;Mosaic;116;Fast Break Pink /20;FALSE
Memphis Grizzlies;2019 - 2020;Panini Mosaic;Mosaic;116;Blue Fluorescent /15;FALSE
Memphis Grizzlies;2019 - 2020;Panini Mosaic;Mosaic;116;Pink Swire /11;FALSE
Memphis Grizzlies;2019 - 2020;Panini Mosaic;Mosaic;116;Fast Break Gold /10;FALSE
Memphis Grizzlies;2019 - 2020;Panini Mosaic;Mosaic;116;Gold /10;FALSE
Memphis Grizzlies;2019 - 2020;Panini Mosaic;Mosaic;116;Green Swirl /10;FALSE
Memphis Grizzlies;2019 - 2020;Panini Mosaic;Mosaic;116;Pink Fluorescent /10;FALSE
Memphis Grizzlies;2019 - 2020;Panini Mosaic;Mosaic;116;Choice Black Gold /8;FALSE
Memphis Grizzlies;2019 - 2020;Panini Mosaic;Mosaic;116;Black /1;FALSE
Memphis Grizzlies;2019 - 2020;Panini Mosaic;Mosaic;116;Choice Nebula /1;FALSE
Memphis Grizzlies;2019 - 2020;Panini Mosaic;Mosaic;116;Fast Break Black /1;FALSE
Memphis Grizzlies;2019 - 2020;Panini Mosaic;Scripts AU;43;Base;FALSE
Memphis Grizzlies;2019 - 2020;Panini Mosaic;Scripts AU;43;Orange;FALSE
Memphis Grizzlies;2019 - 2020;Panini Mosaic;Scripts AU;43;Gold /25;FALSE
Memphis Grizzlies;2019 - 2020;Panini Obsidian;Obsidian;145;Base;FALSE
Memphis Grizzlies;2019 - 2020;Panini Obsidian;Obsidian;145;Purple /75;True
Memphis Grizzlies;2019 - 2020;Panini Obsidian;Obsidian;145;Orange /50;FALSE
Memphis Grizzlies;2019 - 2020;Panini Obsidian;Obsidian;145;Green /25;FALSE
Memphis Grizzlies;2019 - 2020;Panini Obsidian;Obsidian;145;Blue FOTL /16;FALSE
Memphis Grizzlies;2019 - 2020;Panini Obsidian;Obsidian;145;Yellow /10;FALSE
Memphis Grizzlies;2019 - 2020;Panini Obsidian;Obsidian;145;Red /5;FALSE
Memphis Grizzlies;2019 - 2020;Panini Obsidian;Obsidian;145;Contra FOTL /3;FALSE
Memphis Grizzlies;2019 - 2020;Panini Obsidian;Obsidian;145;White Mojo /1;FALSE
Memphis Grizzlies;2020 - 2021;Panini Flux;Flux;90;Base;TRUE
Memphis Grizzlies;2020 - 2021;Panini Flux;Flux ;90;Silver;FALSE
Memphis Grizzlies;2020 - 2021;Panini Flux;Flux;90;Red;FALSE
Memphis Grizzlies;2020 - 2021;Panini Flux;Flux;90;Laser;FALSE
Memphis Grizzlies;2020 - 2021;Panini Flux;Flux;90;Light Blue;TRUE
Memphis Grizzlies;2020 - 2021;Panini Flux;Flux;90;Sunnrise;FALSE
Memphis Grizzlies;2020 - 2021;Panini Flux;Flux;90;Moonlight;FALSE
Memphis Grizzlies;2020 - 2021;Panini Flux;Flux;90;Pink;FALSE
Memphis Grizzlies;2020 - 2021;Panini Flux;Flux;90;Silver Wave Asia;FALSE
Memphis Grizzlies;2020 - 2021;Panini Flux;Flux;90;Red Wave Asia;FALSE
Memphis Grizzlies;2020 - 2021;Panini Flux;Flux;90;Gold Wave Asia;FALSE
Memphis Grizzlies;2020 - 2021;Panini Flux;Flux;90;Pulsar Factory;FALSE
Memphis Grizzlies;2020 - 2021;Panini Flux;Flux;90;Silver Pulsar;FALSE
Memphis Grizzlies;2020 - 2021;Panini Flux;Flux;90;Pulsar Red Factory;FALSE
Memphis Grizzlies;2020 - 2021;Panini Flux;Flux;90;Blue Pulsar Factory;FALSE
Memphis Grizzlies;2020 - 2021;Panini Flux;Flux;90;Green  Pulsar Factory;FALSE
Memphis Grizzlies;2020 - 2021;Panini Flux;Flux;90;Gold Pulsar Factory;FALSE
Memphis Grizzlies;2020 - 2021;Panini Flux;Flux;90;Black Pulsar Factory;FALSE
Memphis Grizzlies;2020 - 2021;Panini Flux;Flux;90;Fanatics Factory Cracked Ice;FALSE
Memphis Grizzlies;2020 - 2021;Panini Flux;Flux;90;Fanatics Factory Cracked Ice Green;FALSE
Memphis Grizzlies;2020 - 2021;Panini Flux;Flux;90;Cracked Ice Blue;FALSE
Memphis Grizzlies;2020 - 2021;Panini Flux;Flux;90;Cracked Ice Red;FALSE
Memphis Grizzlies;2020 - 2021;Panini Flux;Flux;90;Cracked Ice Gold /10;FALSE
Memphis Grizzlies;2020 - 2021;Panini Flux;Flux;90;Cracked Ice Black /1;FALSE
Memphis Grizzlies;2020 - 2021;Panini Flux;Flux;90;Blue /99;FALSE
Memphis Grizzlies;2020 - 2021;Panini Flux;Flux;90;Supernova /75;FALSE
Memphis Grizzlies;2020 - 2021;Panini Flux;Flux;90;Solar Eclipse /49;FALSE
Memphis Grizzlies;2020 - 2021;Panini Flux;Flux;90;Lunar Eclipse /25;FALSE
Memphis Grizzlies;2020 - 2021;Panini Flux;Flux;90;Laser Gold /10;FALSE
Memphis Grizzlies;2020 - 2021;Panini Flux;Flux;90;Gold /10;FALSE
Memphis Grizzlies;2020 - 2021;Panini Flux;Flux;90;Lucky Envelopes /8;FALSE
Memphis Grizzlies;2020 - 2021;Panini Flux;Flux;90;Green /5;FALSE
Memphis Grizzlies;2020 - 2021;Panini Flux;Flux;90;Black /1;FALSE
Memphis Grizzlies;2020 - 2021;Panini Flux;Flux;90;Purple Scope FOTL /18;FALSE
Memphis Grizzlies;2020 - 2021;Panini Flux;Flux;90;Gold Scope /8;FALSE
Memphis Grizzlies;2020 - 2021;Panini Flux;Flux;90;Mojo Silver;FALSE
Memphis Grizzlies;2020 - 2021;Panini Flux;Flux;90;Mojo Red /49;FALSE
Memphis Grizzlies;2020 - 2021;Panini Flux;Flux;90;Mojo Blue /99;FALSE
Memphis Grizzlies;2020 - 2021;Panini Flux;Flux;90;Mojo Gold /10;FALSE
Memphis Grizzlies;2020 - 2021;Panini Flux;Flux;90;Mojo Black /1;FALSE
Memphis Grizzlies;2020 - 2021;Panini Hoops;Great Significance;39;Base;FALSE
Memphis Grizzlies;2020 - 2021;Panini Hoops;Great Significance;39;Gold /10;FALSE
Memphis Grizzlies;2020 - 2021;Panini Immaculate;Past and Present Signatures;3;/49;FALSE
Memphis Grizzlies;2020 - 2021;Panini Immaculate;Past and Present Signatures;3;Gold /10;FALSE
Memphis Grizzlies;2020 - 2021;Panini Immaculate;Past and Present Signatures;3;Platinum /1;FALSE
Memphis Grizzlies;2020 - 2021;Panini Mosaic;Mosaic;17;Base;FALSE
Memphis Grizzlies;2020 - 2021;Panini Mosaic;Mosaic;17;Mosaic;FALSE
Memphis Grizzlies;2020 - 2021;Panini Mosaic;Mosaic;17;Blue Reactive ;FALSE
Memphis Grizzlies;2020 - 2021;Panini Mosaic;Mosaic;17;Camo Pink;FALSE
Memphis Grizzlies;2020 - 2021;Panini Mosaic;Mosaic;17;Fast Break Silver;FALSE
Memphis Grizzlies;2020 - 2021;Panini Mosaic;Mosaic;17;Genesis;FALSE
Memphis Grizzlies;2020 - 2021;Panini Mosaic;Mosaic;17;Gold Wave;FALSE
Memphis Grizzlies;2020 - 2021;Panini Mosaic;Mosaic;17;Green ;FALSE
Memphis Grizzlies;2020 - 2021;Panini Mosaic;Mosaic;17;Green Reactive;FALSE
Memphis Grizzlies;2020 - 2021;Panini Mosaic;Mosaic;17;Ice;FALSE
Memphis Grizzlies;2020 - 2021;Panini Mosaic;Mosaic;17;Oprange Reactive;FALSE
Memphis Grizzlies;2020 - 2021;Panini Mosaic;Mosaic;17;Peacock Choice;FALSE
Memphis Grizzlies;2020 - 2021;Panini Mosaic;Mosaic;17;Red Reactive;FALSE
Memphis Grizzlies;2020 - 2021;Panini Mosaic;Mosaic;17;Red;FALSE
Memphis Grizzlies;2020 - 2021;Panini Mosaic;Mosaic;17;Silver;FALSE
Memphis Grizzlies;2020 - 2021;Panini Mosaic;Mosaic;17;Wave Red;FALSE
Memphis Grizzlies;2020 - 2021;Panini Mosaic;Mosaic;17;Yellow Reactive;FALSE
Memphis Grizzlies;2020 - 2021;Panini Mosaic;Mosaic;17;Blue Mosaic /99;FALSE
Memphis Grizzlies;2020 - 2021;Panini Mosaic;Mosaic;17;Fusion Red and Yellow /88;FALSE
Memphis Grizzlies;2020 - 2021;Panini Mosaic;Mosaic;17;Fast Break Blue /85;FALSE
Memphis Grizzlies;2020 - 2021;Panini Mosaic;Mosaic;17;Fast Break Purple /50;FALSE
Memphis Grizzlies;2020 - 2021;Panini Mosaic;Mosaic;17;Purple /49;FALSE
Memphis Grizzlies;2020 - 2021;Panini Mosaic;Mosaic;17;Orange Fluorescent /25;FALSE
Memphis Grizzlies;2020 - 2021;Panini Mosaic;Mosaic;17;White /25;TRUE
Memphis Grizzlies;2020 - 2021;Panini Mosaic;Mosaic;17;Fast Break Pink /20;FALSE
Memphis Grizzlies;2020 - 2021;Panini Mosaic;Mosaic;17;Blue Fluorescent /15;FALSE
Memphis Grizzlies;2020 - 2021;Panini Mosaic;Mosaic;17;Pink Swire /11;FALSE
Memphis Grizzlies;2020 - 2021;Panini Mosaic;Mosaic;17;Fast Break Gold /10;FALSE
Memphis Grizzlies;2020 - 2021;Panini Mosaic;Mosaic;17;Gold /10;FALSE
Memphis Grizzlies;2020 - 2021;Panini Mosaic;Mosaic;17;Green Fluorescent /10;FALSE
Memphis Grizzlies;2020 - 2021;Panini Mosaic;Mosaic;17;Green Swirl /10;FALSE
Memphis Grizzlies;2020 - 2021;Panini Mosaic;Mosaic;17;Pink Fluorescent /10;FALSE
Memphis Grizzlies;2020 - 2021;Panini Mosaic;Mosaic;17;Black Gold Choice /8;FALSE
Memphis Grizzlies;2020 - 2021;Panini Mosaic;Mosaic;17;Lucky Envelopes /8;FALSE
Memphis Grizzlies;2020 - 2021;Panini Mosaic;Mosaic;17;Fast Break Black /1;FALSE
Memphis Grizzlies;2020 - 2021;Panini Mosaic;Mosaic;17;Black /1;FALSE
Memphis Grizzlies;2020 - 2021;Panini Mosaic;Mosaic;17;Nebula Choice /1;FALSE
Milwaukee Bucks;2021 - 2022;Panini Immaculate;Past and Present Signautres;10;Base /49;FALSE
Milwaukee Bucks;2021 - 2022;Panini Immaculate;Past and Present Signautres;10;Red /25;FALSE
Milwaukee Bucks;2021 - 2022;Panini Immaculate;Past and Present Signautres;10;Gold /10;FALSE
Milwaukee Bucks;2021 - 2022;Panini Immaculate;Past and Present Signautres;10;Platinum /1;FALSE
Milwaukee Bucks;2021 - 2022;Panini Chronicles  ;Airborne Signatures;21;/149;FALSE
Milwaukee Bucks;2021 - 2022;Panini Chronicles  ;Airborne Signatures;21;Asia Jade;FALSE
Milwaukee Bucks;2021 - 2022;Panini Chronicles  ;Airborne Signatures;21;Red;FALSE
Milwaukee Bucks;2021 - 2022;Panini Chronicles  ;Airborne Signatures;21;Silver /99;FALSE
Milwaukee Bucks;2021 - 2022;Panini Chronicles  ;Airborne Signatures;21;Blue /25;FALSE
Milwaukee Bucks;2021 - 2022;Panini Chronicles  ;Airborne Signatures;21;Gold /10;FALSE
Milwaukee Bucks;2021 - 2022;Panini Chronicles  ;Airborne Signatures;21;Black /1;FALSE
Milwaukee Bucks;2021 - 2022;Panini Chronicles  ;Apprentice Signatures;36;/99;FALSE
Milwaukee Bucks;2021 - 2022;Panini Chronicles  ;Apprentice Signatures;36;Asia Jade;FALSE
Milwaukee Bucks;2021 - 2022;Panini Chronicles  ;Apprentice Signatures;36;Red;FALSE
Milwaukee Bucks;2021 - 2022;Panini Chronicles  ;Apprentice Signatures;36;Blue /75;FALSE
Milwaukee Bucks;2021 - 2022;Panini Chronicles  ;Apprentice Signatures;36;Purple /25;FALSE
Milwaukee Bucks;2021 - 2022;Panini Chronicles  ;Apprentice Signatures;36;Gold /10;FALSE
Milwaukee Bucks;2021 - 2022;Panini Chronicles  ;Apprentice Signatures;36;Asia Gold /5;FALSE
Milwaukee Bucks;2021 - 2022;Panini Chronicles  ;Apprentice Signatures;36;Platinum /1;FALSE
Milwaukee Bucks;2021 - 2022;Panini Illusions;Trophy Collection;TC-GAM;Base;TRUE
Milwaukee Bucks;2021 - 2022;Panini Illusions;Trophy Collection;TC-GAM;Red and Yellow Asia;FALSE
Milwaukee Bucks;2021 - 2022;Panini Illusions;Trophy Collection;TC-GAM;Sapphire;FALSE
Milwaukee Bucks;2021 - 2022;Panini Illusions;Trophy Collection;TC-GAM;Emerald /25;FALSE
Milwaukee Bucks;2021 - 2022;Panini Illusions;Trophy Collection;TC-GAM;Orange /10;FALSE
Milwaukee Bucks;2021 - 2022;Panini Illusions;Trophy Collection;TC-GAM;Pink /5;FALSE
Milwaukee Bucks;2021 - 2022;Panini Mosaic;Mosaic;105;Base;TRUE
Milwaukee Bucks;2021 - 2022;Panini Mosaic;Mosaic;105;Mosaic;FALSE
Milwaukee Bucks;2021 - 2022;Panini Mosaic;Mosaic;105;Anniversary Edition;FALSE
Milwaukee Bucks;2021 - 2022;Panini Mosaic;Mosaic;105;Fast Break Silver;FALSE
Milwaukee Bucks;2021 - 2022;Panini Mosaic;Mosaic;105;Genesis;FALSE
Milwaukee Bucks;2021 - 2022;Panini Mosaic;Mosaic;105;Green;TRUE
Milwaukee Bucks;2021 - 2022;Panini Mosaic;Mosaic;105;Green Ice;FALSE
Milwaukee Bucks;2021 - 2022;Panini Mosaic;Mosaic;105;NBA 75 Anniversary;FALSE
Milwaukee Bucks;2021 - 2022;Panini Mosaic;Mosaic;105;Peacock Choice;FALSE
Milwaukee Bucks;2021 - 2022;Panini Mosaic;Mosaic;105;Red;FALSE
Milwaukee Bucks;2021 - 2022;Panini Mosaic;Mosaic;105;Red Wave;FALSE
Milwaukee Bucks;2021 - 2022;Panini Mosaic;Mosaic;105;Silver;FALSE
Milwaukee Bucks;2021 - 2022;Panini Mosaic;Mosaic;105;White Sparkle;FALSE
Milwaukee Bucks;2021 - 2022;Panini Mosaic;Mosaic;105;Blue /99;FALSE
Milwaukee Bucks;2021 - 2022;Panini Mosaic;Mosaic;105;Red and Yellow Fusion Choice /88;FALSE
Milwaukee Bucks;2021 - 2022;Panini Mosaic;Mosaic;105;Fast Break Blue /85;FALSE
Milwaukee Bucks;2021 - 2022;Panini Mosaic;Mosaic;105;Fast Break Purple /50;FALSE
Milwaukee Bucks;2021 - 2022;Panini Mosaic;Mosaic;105;Purple /49;FALSE
Milwaukee Bucks;2021 - 2022;Panini Mosaic;Mosaic;105;Orange Fluorescent /25;FALSE
Milwaukee Bucks;2021 - 2022;Panini Mosaic;Mosaic;105;White /25;FALSE
Milwaukee Bucks;2021 - 2022;Panini Mosaic;Mosaic;105;Fast Break Pink /20;FALSE
Milwaukee Bucks;2021 - 2022;Panini Mosaic;Mosaic;105;Pink Swirl FOTL /11;FALSE
Milwaukee Bucks;2021 - 2022;Panini Mosaic;Mosaic;105;Fast Break Gold /10;FALSE
Milwaukee Bucks;2021 - 2022;Panini Mosaic;Mosaic;105;Gold /10;FALSE
Milwaukee Bucks;2021 - 2022;Panini Mosaic;Mosaic;105;Green Swirl FOTL /10;FALSE
Milwaukee Bucks;2021 - 2022;Panini Mosaic;Mosaic;105;Black Gold Choice /8;FALSE
Milwaukee Bucks;2021 - 2022;Panini Mosaic;Mosaic;105;Lucky Envelopes /8;FALSE
Milwaukee Bucks;2021 - 2022;Panini Mosaic;Mosaic;105;Black /1;FALSE
Milwaukee Bucks;2021 - 2022;Panini Mosaic;Mosaic;105;Fast Break Black /1;FALSE
Milwaukee Bucks;2021 - 2022;Panini Mosaic;Mosaic;105;Nebula /1;FALSE
Milwaukee Bucks;2021 - 2022;Panini Mosaic;Starting 5;BP/GA/GA/JH/KM;Base;FALSE
Milwaukee Bucks;2021 - 2022;Panini Recon;Recon;87;Base;FALSE
Milwaukee Bucks;2021 - 2022;Panini Recon;Recon;87;Holo;FALSE
Milwaukee Bucks;2021 - 2022;Panini Recon;Recon;87;Dots;FALSE
Milwaukee Bucks;2021 - 2022;Panini Recon;Recon;87;Pink;FALSE
Milwaukee Bucks;2021 - 2022;Panini Recon;Recon;87;Bronz /299;TRUE
Milwaukee Bucks;2021 - 2022;Panini Recon;Recon;87;Red /199;FALSE
Milwaukee Bucks;2021 - 2022;Panini Recon;Recon;87;Blue /99;FALSE
Milwaukee Bucks;2021 - 2022;Panini Recon;Recon;87;Purple /49;FALSE
Milwaukee Bucks;2021 - 2022;Panini Recon;Recon;87;Orange FOTL /18;FALSE
Milwaukee Bucks;2021 - 2022;Panini Recon;Recon;87;Gold /10;FALSE
Milwaukee Bucks;2021 - 2022;Panini Recon;Recon;87;Green /5;FALSE
Milwaukee Bucks;2021 - 2022;Panini Recon;Recon;87;Platinum Swirl FOTL /3;FALSE
Milwaukee Bucks;2021 - 2022;Panini Recon;Recon;87;Platinum /1;FALSE
Milwaukee Bucks;2021 - 2022;Panini Recon;Glorified Signatures;GS-GRY;Base /199;FALSE
Milwaukee Bucks;2021 - 2022;Panini Recon;Glorified Signatures;GS-GRY;Red /99;TRUE
Milwaukee Bucks;2021 - 2022;Panini Recon;Glorified Signatures;GS-GRY;Blue /49;FALSE
Milwaukee Bucks;2021 - 2022;Panini Recon;Glorified Signatures;GS-GRY;Purple /25;FALSE
Milwaukee Bucks;2021 - 2022;Panini Recon;Glorified Signatures;GS-GRY;Gold /10;FALSE
Milwaukee Bucks;2021 - 2022;Panini Recon;Glorified Signatures;GS-GRY;Green /5;FALSE
Milwaukee Bucks;2021 - 2022;Panini Recon;Glorified Signatures;GS-GRY;Platinum /1;FALSE
Milwaukee Bucks;2021 - 2022;Panini Spectra;Catalysts;Cat;Base /99;FALSE
Milwaukee Bucks;2021 - 2022;Panini Spectra;Catalysts;Cat;Asia;FALSE
Milwaukee Bucks;2021 - 2022;Panini Spectra;Catalysts;Cat;Astral /49;FALSE
Milwaukee Bucks;2021 - 2022;Panini Spectra;Catalysts;Cat;Meta /25;FALSE
Milwaukee Bucks;2021 - 2022;Panini Spectra;Catalysts;Cat;Gold /10;FALSE
Milwaukee Bucks;2021 - 2022;Panini Spectra;Catalysts;Cat;Marble /5;FALSE
Milwaukee Bucks;2021 - 2022;Panini Spectra;Catalysts;Cat;Gold Asia /3;FALSE
Milwaukee Bucks;2021 - 2022;Panini Spectra;Catalysts;Cat;Black Asia /1;FALSE
Milwaukee Bucks;2021 - 2022;Panini Spectra;Catalysts;Cat;Nebula /1;FALSE
Milwaukee Bucks;2022 - 2023;Donruss ;Donruss;57;Base;TRUE
Milwaukee Bucks;2022 - 2023;Donruss ;Donruss;57;Choice Dragon;FALSE
Milwaukee Bucks;2022 - 2023;Donruss ;Donruss;57;Green Laser;TRUE
Milwaukee Bucks;2022 - 2023;Donruss ;Donruss;57;Red and Gold Laser;FALSE
Milwaukee Bucks;2022 - 2023;Donruss ;Donruss;57;Silver Press Proof;FALSE
Milwaukee Bucks;2022 - 2023;Donruss ;Donruss;57;Yellow Flood;FALSE
Milwaukee Bucks;2022 - 2023;Donruss ;Donruss;57;Purple Press Proof /199;FALSE
Milwaukee Bucks;2022 - 2023;Donruss ;Donruss;57;Laser /149;TRUE
Milwaukee Bucks;2022 - 2023;Donruss ;Donruss;57;Choice Red /99;FALSE
Milwaukee Bucks;2022 - 2023;Donruss ;Donruss;57;Purple Laser /99;FALSE
Milwaukee Bucks;2022 - 2023;Donruss ;Donruss;57;Red Laser /99;FALSE
Milwaukee Bucks;2022 - 2023;Donruss ;Donruss;57;Basketball /75;FALSE
Milwaukee Bucks;2022 - 2023;Donruss ;Donruss;57;Pink Laser /50;FALSE
Milwaukee Bucks;2022 - 2023;Donruss ;Donruss;57;Blue Laser /49;TRUE
Milwaukee Bucks;2022 - 2023;Donruss ;Donruss;57;Choice Blue /49;FALSE
Milwaukee Bucks;2022 - 2023;Donruss ;Donruss;57;Light Blue Laser /25;FALSE
Milwaukee Bucks;2022 - 2023;Donruss ;Donruss;57;Yellow Laser /25;FALSE
Milwaukee Bucks;2022 - 2023;Donruss ;Donruss;57;Red and Blue Laser /15;FALSE
Milwaukee Bucks;2022 - 2023;Donruss ;Donruss;57;Choice Gold /10;FALSE
Milwaukee Bucks;2022 - 2023;Donruss ;Donruss;57;Gold Laser /10;FALSE
Milwaukee Bucks;2022 - 2023;Donruss ;Donruss;57;Choice Black Gold /8;FALSE
Milwaukee Bucks;2022 - 2023;Donruss ;Donruss;57;Black Laser /1;FALSE
Milwaukee Bucks;2022 - 2023;Donruss ;Donruss;57;Choice Black /1;FALSE
Milwaukee Bucks;2022 - 2023;Donruss;Optic;83;Base;TRUE
Milwaukee Bucks;2022 - 2023;Donruss;Optic;83;Basketball;FALSE
Milwaukee Bucks;2022 - 2023;Donruss;Optic;83;Checkerboard;FALSE
Milwaukee Bucks;2022 - 2023;Donruss;Optic;83;Dragon Choice;FALSE
Milwaukee Bucks;2022 - 2023;Donruss;Optic;83;Green Shock;FALSE
Milwaukee Bucks;2022 - 2023;Donruss;Optic;83;Holo;TRUE
Milwaukee Bucks;2022 - 2023;Donruss;Optic;83;Holo Fast Break;FALSE
Milwaukee Bucks;2022 - 2023;Donruss;Optic;83;Hyper Green;TRUE
Milwaukee Bucks;2022 - 2023;Donruss;Optic;83;Hyper Pink;FALSE
Milwaukee Bucks;2022 - 2023;Donruss;Optic;83;Photon;FALSE
Milwaukee Bucks;2022 - 2023;Donruss;Optic;83;Purple;FALSE
Milwaukee Bucks;2022 - 2023;Donruss;Optic;83;Purple Shock;FALSE
Milwaukee Bucks;2022 - 2023;Donruss;Optic;83;Red and Green Choice;TRUE
Milwaukee Bucks;2022 - 2023;Donruss;Optic;83;Red Sparkle;FALSE
Milwaukee Bucks;2022 - 2023;Donruss;Optic;83;Wave Red;FALSE
Milwaukee Bucks;2022 - 2023;Donruss;Optic;83;White Sparkle;FALSE
Milwaukee Bucks;2022 - 2023;Donruss;Optic;83;Premium Box Set /249;FALSE
Milwaukee Bucks;2022 - 2023;Donruss;Optic;83;Orange /199;TRUE
Milwaukee Bucks;2022 - 2023;Donruss;Optic;83;Blue Sparkle /180;TRUE
Milwaukee Bucks;2022 - 2023;Donruss;Optic;83;Lime Green /149;FALSE
Milwaukee Bucks;2022 - 2023;Donruss;Optic;83;Copper Glitter /99;FALSE
Milwaukee Bucks;2022 - 2023;Donruss;Optic;83;Purple Fast Break /99;FALSE
Milwaukee Bucks;2022 - 2023;Donruss;Optic;83;Red /99;FALSE
Milwaukee Bucks;2022 - 2023;Donruss;Optic;83;Wave Red and Gold /99;TRUE
Milwaukee Bucks;2022 - 2023;Donruss;Optic;83;Red Choice /88;FALSE
Milwaukee Bucks;2022 - 2023;Donruss;Optic;83;Pink Velocity /79;FALSE
Milwaukee Bucks;2022 - 2023;Donruss;Optic;83;Red Fast Break /75;FALSE
Milwaukee Bucks;2022 - 2023;Donruss;Optic;83;Blue /49;FALSE
Milwaukee Bucks;2022 - 2023;Donruss;Optic;83;Blue Fast Break /49;FALSE
Milwaukee Bucks;2022 - 2023;Donruss;Optic;83;Black Velocity /39;FALSE
Milwaukee Bucks;2022 - 2023;Donruss;Optic;83;Pink Fast Break /25;FALSE
Milwaukee Bucks;2022 - 2023;Donruss;Optic;83;Blue Mojo Choice /24;FALSE
Milwaukee Bucks;2022 - 2023;Donruss;Optic;83;Gold Sparkle /24;FALSE
Milwaukee Bucks;2022 - 2023;Donruss;Optic;83;Purple Stars FOTL /17;FALSE
Milwaukee Bucks;2022 - 2023;Donruss;Optic;83;Two Tone /15;FALSE
Milwaukee Bucks;2022 - 2023;Donruss;Optic;83;Gold /10;FALSE
Milwaukee Bucks;2022 - 2023;Donruss;Optic;83;Gold Fast Break /10;FALSE
Milwaukee Bucks;2022 - 2023;Donruss;Optic;83;Wave Gold /10;FALSE
Milwaukee Bucks;2022 - 2023;Donruss;Optic;83;Black Gold Choice /8;FALSE
Milwaukee Bucks;2022 - 2023;Donruss;Optic;83;Green Sparkle /8;FALSE
Milwaukee Bucks;2022 - 2023;Donruss;Optic;83;Lucky Envelopes /8;FALSE
Milwaukee Bucks;2022 - 2023;Donruss;Optic;83;Green /5;FALSE
Milwaukee Bucks;2022 - 2023;Donruss;Optic;83;Black /1;FALSE
Milwaukee Bucks;2022 - 2023;Donruss;Optic;83;Black Fast Break /1;FALSE
Milwaukee Bucks;2022 - 2023;Donruss;Optic;83;Gold Vinyl /1;FALSE
Milwaukee Bucks;2022 - 2023;Donruss;Optic;83;Nebula Choice /1;FALSE
Milwaukee Bucks;2022 - 2023;Donruss;Elite;76;Base;TRUE
Milwaukee Bucks;2022 - 2023;Donruss;Elite;76;Asia;FALSE
Milwaukee Bucks;2022 - 2023;Donruss;Elite;76;Hyper Red and Green Asia;FALSE
Milwaukee Bucks;2022 - 2023;Donruss;Elite;76;Orange;FALSE
Milwaukee Bucks;2022 - 2023;Donruss;Elite;76;Blue /99;FALSE
Milwaukee Bucks;2022 - 2023;Donruss;Elite;76;Hyper Red Asia /88;TRUE
Milwaukee Bucks;2022 - 2023;Donruss;Elite;76;Aspirations /88;FALSE
Milwaukee Bucks;2022 - 2023;Donruss;Elite;76;Purple /49;FALSE
Milwaukee Bucks;2022 - 2023;Donruss;Elite;76;Pink FOTL /17;FALSE
Milwaukee Bucks;2022 - 2023;Donruss;Elite;76;Status /12;FALSE
Milwaukee Bucks;2022 - 2023;Donruss;Elite;76;Gold /10;FALSE
Milwaukee Bucks;2022 - 2023;Donruss;Elite;76;Hyper Gold Asia /10;FALSE
Milwaukee Bucks;2022 - 2023;Donruss;Elite;76;Lucky Envelopes Asia /8;FALSE
Milwaukee Bucks;2022 - 2023;Donruss;Elite;76;Platinum FOTL /3;FALSE
Milwaukee Bucks;2022 - 2023;Donruss;Elite;76;Elite /1;FALSE
Milwaukee Bucks;2022 - 2023;Donruss;Impact Impressions;36;Base;FALSE
Milwaukee Bucks;2022 - 2023;Donruss;Impact Impressions;36;Red and Green Asia;TRUE
Milwaukee Bucks;2022 - 2023;Donruss;Impact Impressions;36;Red /49;FALSE
Milwaukee Bucks;2022 - 2023;Donruss;Impact Impressions;36;Blue /25;FALSE
Milwaukee Bucks;2022 - 2023;Donruss;Impact Impressions;36;Gold /10;FALSE
Milwaukee Bucks;2022 - 2023;Donruss;Impact Impressions;36;Red and Gold Asia /10;FALSE
Milwaukee Bucks;2022 - 2023;Donruss;Impact Impressions;36;Black /1;FALSE
Milwaukee Bucks;2022 - 2023;Panini ;Hoops;47;Base;FALSE
Milwaukee Bucks;2022 - 2023;Panini ;Hoops;47;Blue;FALSE
Milwaukee Bucks;2022 - 2023;Panini ;Hoops;47;Hyper Blue;FALSE
Milwaukee Bucks;2022 - 2023;Panini ;Hoops;47;Impulse;FALSE
Milwaukee Bucks;2022 - 2023;Panini ;Hoops;47;Neon Green ;FALSE
Milwaukee Bucks;2022 - 2023;Panini ;Hoops;47;Purple;TRUE
Milwaukee Bucks;2022 - 2023;Panini ;Hoops;47;Purple Winter;FALSE
Milwaukee Bucks;2022 - 2023;Panini ;Hoops;47;Red Backs;FALSE
Milwaukee Bucks;2022 - 2023;Panini ;Hoops;47;Teal Explosion;FALSE
Milwaukee Bucks;2022 - 2023;Panini ;Hoops;47;Winter;TRUE
Milwaukee Bucks;2022 - 2023;Panini ;Hoops;47;Yellow;FALSE
Milwaukee Bucks;2022 - 2023;Panini ;Hoops;47;Premium Box Set /199;FALSE
Milwaukee Bucks;2022 - 2023;Panini ;Hoops;47;Silver /199;FALSE
Milwaukee Bucks;2022 - 2023;Panini ;Hoops;47;Green /99;FALSE
Milwaukee Bucks;2022 - 2023;Panini ;Hoops;47;Hyper Red /99;FALSE
Milwaukee Bucks;2022 - 2023;Panini ;Hoops;47;Gravity /75;FALSE
Milwaukee Bucks;2022 - 2023;Panini ;Hoops;47;Red /75;FALSE
Milwaukee Bucks;2022 - 2023;Panini ;Hoops;47;Blue Explosion /59;FALSE
Milwaukee Bucks;2022 - 2023;Panini ;Hoops;47;Artist Proof /25;FALSE
Milwaukee Bucks;2022 - 2023;Panini ;Hoops;47;Hyper Green /25;FALSE
Milwaukee Bucks;2022 - 2023;Panini ;Hoops;47;Neon Orange Explosion /25;FALSE
Milwaukee Bucks;2022 - 2023;Panini ;Hoops;47;Red Explosinon /15;FALSE
Milwaukee Bucks;2022 - 2023;Panini ;Hoops;47;Artist Proof Gold /10;FALSE
Milwaukee Bucks;2022 - 2023;Panini ;Hoops;47;Hyper Gold /10;FALSE
Milwaukee Bucks;2022 - 2023;Panini ;Hoops;47;Artist Proof Black /1;FALSE
Milwaukee Bucks;2022 - 2023;Panini ;Great Significance;24;Base;FALSE
Milwaukee Bucks;2022 - 2023;Panini ;Great Significance;24;Gold /10;FALSE
Milwaukee Bucks;2022 - 2023;Panini Immaculate;Modern Marks;MM;Base /99;TRUE
Milwaukee Bucks;2022 - 2023;Panini Immaculate;Modern Marks;MM;Red /25;FALSE
Milwaukee Bucks;2022 - 2023;Panini Immaculate;Modern Marks;MM;Gold /10;FALSE
Milwaukee Bucks;2022 - 2023;Panini Immaculate;Modern Marks;MM;Platinum /1;FALSE
Milwaukee Bucks;2022 - 2023;Panini Chronicles  ;Under the Lights AU;UL-AU;Base /99;TRUE
Milwaukee Bucks;2022 - 2023;Panini ;Under the Lights AU;UL-AU;Asia Jade;TRUE
Milwaukee Bucks;2022 - 2023;Panini ;Under the Lights AU;UL-AU;Red;FALSE
Milwaukee Bucks;2022 - 2023;Panini ;Under the Lights AU;UL-AU;Silver ;TRUE
Milwaukee Bucks;2022 - 2023;Panini ;Under the Lights AU;UL-AU;Purple /49;FALSE
Milwaukee Bucks;2022 - 2023;Panini ;Under the Lights AU;UL-AU;Swirl /25;TRUE
Milwaukee Bucks;2022 - 2023;Panini ;Under the Lights AU;UL-AU;Gold /10;FALSE
Milwaukee Bucks;2022 - 2023;Panini ;Under the Lights AU;UL-AU;Asia Red and Gold /5;FALSE
Milwaukee Bucks;2022 - 2023;Panini ;Under the Lights AU;UL-AU;Black /1;FALSE
Milwaukee Bucks;2022 - 2023;Panini Flux;Flux;63;Base;FALSE
Milwaukee Bucks;2022 - 2023;Panini Flux;Flux;63;Mojo Silver;FALSE
Milwaukee Bucks;2022 - 2023;Panini Flux;Flux;63;Moonlight;FALSE
Milwaukee Bucks;2022 - 2023;Panini Flux;Flux;63;Red;FALSE
Milwaukee Bucks;2022 - 2023;Panini Flux;Flux;63;Red Cracked Ice;TRUE
Milwaukee Bucks;2022 - 2023;Panini Flux;Flux;63;Silver;FALSE
Milwaukee Bucks;2022 - 2023;Panini Flux;Flux;63;Sunrise;FALSE
Milwaukee Bucks;2022 - 2023;Panini Flux;Flux;63;Blue /99;FALSE
Milwaukee Bucks;2022 - 2023;Panini Flux;Flux;63;Mojo Red /99;FALSE
Milwaukee Bucks;2022 - 2023;Panini Flux;Flux;63;Supernova /75;FALSE
Milwaukee Bucks;2022 - 2023;Panini Flux;Flux;63;Solar Eclipse /49;FALSE
Milwaukee Bucks;2022 - 2023;Panini Flux;Flux;63;Blue Cracked Ice /25;FALSE
Milwaukee Bucks;2022 - 2023;Panini Flux;Flux;63;Lunar Eclipse /25;FALSE
Milwaukee Bucks;2022 - 2023;Panini Flux;Flux;63;Mojo Blue /25;FALSE
Milwaukee Bucks;2022 - 2023;Panini Flux;Flux;63;Gold /10;FALSE
Milwaukee Bucks;2022 - 2023;Panini Flux;Flux;63;Gold Cracked Ice /10;FALSE
Milwaukee Bucks;2022 - 2023;Panini Flux;Flux;63;Mojo Gold /10;FALSE
Milwaukee Bucks;2022 - 2023;Panini Flux;Flux;63;Lucky Envelopes /8;FALSE
Milwaukee Bucks;2022 - 2023;Panini Flux;Flux;63;Green /5;FALSE
Milwaukee Bucks;2022 - 2023;Panini Flux;Flux;63;Gold Vinyl /1;FALSE
Milwaukee Bucks;2022 - 2023;Panini Mosaic;Mosaic;144;Base;TRUE
Milwaukee Bucks;2022 - 2023;Panini Mosaic;Mosaic;144;Mosaic;FALSE
Milwaukee Bucks;2022 - 2023;Panini Mosaic;Mosaic;144;Blue Wave;FALSE
Milwaukee Bucks;2022 - 2023;Panini Mosaic;Mosaic;144;Genesis;FALSE
Milwaukee Bucks;2022 - 2023;Panini Mosaic;Mosaic;144;Glitter;FALSE
Milwaukee Bucks;2022 - 2023;Panini Mosaic;Mosaic;144;Green;TRUE
Milwaukee Bucks;2022 - 2023;Panini Mosaic;Mosaic;144;Green Ice;FALSE
Milwaukee Bucks;2022 - 2023;Panini Mosaic;Mosaic;144;Peacock Choice;FALSE
Milwaukee Bucks;2022 - 2023;Panini Mosaic;Mosaic;144;Reactive Blue;TRUE
Milwaukee Bucks;2022 - 2023;Panini Mosaic;Mosaic;144;Reactive Yellow;FALSE
Milwaukee Bucks;2022 - 2023;Panini Mosaic;Mosaic;144;Red;FALSE
Milwaukee Bucks;2022 - 2023;Panini Mosaic;Mosaic;144;Red and Green Choice;FALSE
Milwaukee Bucks;2022 - 2023;Panini Mosaic;Mosaic;144;Silver;TRUE
Milwaukee Bucks;2022 - 2023;Panini Mosaic;Mosaic;144;Silver Fast Break;FALSE
Milwaukee Bucks;2022 - 2023;Panini Mosaic;Mosaic;144;Wave Red;FALSE
Milwaukee Bucks;2022 - 2023;Panini Mosaic;Mosaic;144;White Sparkle;FALSE
Milwaukee Bucks;2022 - 2023;Panini Mosaic;Mosaic;144;Blue /199;TRUE
Milwaukee Bucks;2022 - 2023;Panini Mosaic;Mosaic;144;Pink /149;FALSE
Milwaukee Bucks;2022 - 2023;Panini Mosaic;Mosaic;144;Purple /99;FALSE
Milwaukee Bucks;2022 - 2023;Panini Mosaic;Mosaic;144;Red and Yellow Fusion Choice /88;FALSE
Milwaukee Bucks;2022 - 2023;Panini Mosaic;Mosaic;144;Blue Fast Break /85;FALSE
Milwaukee Bucks;2022 - 2023;Panini Mosaic;Mosaic;144;Purple Fast Break /50;FALSE
Milwaukee Bucks;2022 - 2023;Panini Mosaic;Mosaic;144;Orange Fluorescent /25;FALSE
Milwaukee Bucks;2022 - 2023;Panini Mosaic;Mosaic;144;White /25;FALSE
Milwaukee Bucks;2022 - 2023;Panini Mosaic;Mosaic;144;Fusion Green Choice /21;FALSE
Milwaukee Bucks;2022 - 2023;Panini Mosaic;Mosaic;144;Pink Fast Break /20;FALSE
Milwaukee Bucks;2022 - 2023;Panini Mosaic;Mosaic;144;Pink Swirl FOTL /20;FALSE
Milwaukee Bucks;2022 - 2023;Panini Mosaic;Mosaic;144;Gold /10;FALSE
Milwaukee Bucks;2022 - 2023;Panini Mosaic;Mosaic;144;Gold Fast Break /10;TRUE
Milwaukee Bucks;2022 - 2023;Panini Mosaic;Mosaic;144;Green Fluorescent /10;FALSE
Milwaukee Bucks;2022 - 2023;Panini Mosaic;Mosaic;144;Pink Fluorescent /10;FALSE
Milwaukee Bucks;2022 - 2023;Panini Mosaic;Mosaic;144;Wave Gold /10;FALSE
Milwaukee Bucks;2022 - 2023;Panini Mosaic;Mosaic;144;Black Gold Choice /8;FALSE
Milwaukee Bucks;2022 - 2023;Panini Mosaic;Mosaic;144;Lucky Envelopes /8;FALSE
Milwaukee Bucks;2022 - 2023;Panini Mosaic;Mosaic;144;Green Swirl FOTL /5;FALSE
Milwaukee Bucks;2022 - 2023;Panini Mosaic;Mosaic;144;Black /1;FALSE
Milwaukee Bucks;2022 - 2023;Panini Mosaic;Mosaic;144;Black Fast Break /1;FALSE
Milwaukee Bucks;2022 - 2023;Panini Mosaic;Mosaic;144;Nebula Choice /1;FALSE
Milwaukee Bucks;2022 - 2023;Panini Mosaic;Scripts;38;Base;FALSE
Milwaukee Bucks;2022 - 2023;Panini Mosaic;Scripts;38;Genesis;FALSE
Milwaukee Bucks;2022 - 2023;Panini Mosaic;Scripts;38;Green Ice;TRUE
Milwaukee Bucks;2022 - 2023;Panini Mosaic;Scripts;38;Gold /10;FALSE
Milwaukee Bucks;2022 - 2023;Panini National Treasures ;Penmanship;40;Base /49;FALSE
Milwaukee Bucks;2022 - 2023;Panini National Treasures ;Penmanship;40;Bronze /25;FALSE
Milwaukee Bucks;2022 - 2023;Panini National Treasures ;Penmanship;40;Gold /10;FALSE
Milwaukee Bucks;2022 - 2023;Panini National Treasures ;Penmanship;40;;FALSE
Milwaukee Bucks;2022 - 2023;Panini National Treasures ;Penmanship;40;Platinum /1;FALSE
Milwaukee Bucks;2022 - 2023;Panini National Treasures ;Validating Marks;20;Base /99;FALSE
Milwaukee Bucks;2022 - 2023;Panini National Treasures ;Validating Marks;20;Bronze /25;FALSE
Milwaukee Bucks;2022 - 2023;Panini National Treasures ;Validating Marks;20;Gold /10;FALSE
Milwaukee Bucks;2022 - 2023;Panini National Treasures ;Validating Marks;20;Emerald /5;FALSE
Milwaukee Bucks;2022 - 2023;Panini National Treasures ;Validating Marks;20;Platinum /1;FALSE
Milwaukee Bucks;2022 - 2023;Panini Obsidian ;Magmatic Signatures;40;Base /149;FALSE
Milwaukee Bucks;2022 - 2023;Panini Obsidian ;Magmatic Signatures;40;Purple Electric 75;FALSE
Milwaukee Bucks;2022 - 2023;Panini Obsidian ;Magmatic Signatures;40;Orange Electric  /50;FALSE
Milwaukee Bucks;2022 - 2023;Panini Obsidian ;Magmatic Signatures;40;Green Electric /25;FALSE
Milwaukee Bucks;2022 - 2023;Panini Obsidian ;Magmatic Signatures;40;Yellow Electric /10;FALSE
Milwaukee Bucks;2022 - 2023;Panini Obsidian ;Magmatic Signatures;40;Red Electric /5;FALSE
Milwaukee Bucks;2022 - 2023;Panini Obsidian ;Magmatic Signatures;40;White Mojo Electric /1;FALSE
Milwaukee Bucks;2022 - 2023;Panini Photgenic;Veteran Autograph;27;Base;FALSE
Milwaukee Bucks;2022 - 2023;Panini Photgenic;Veteran Autograph;27;Diamond /75;FALSE
Milwaukee Bucks;2022 - 2023;Panini Photgenic;Veteran Autograph;27;Maze /25;FALSE
Milwaukee Bucks;2022 - 2023;Panini Photgenic;Veteran Autograph;27;Gold /10;FALSE
Milwaukee Bucks;2022 - 2023;Panini Photgenic;Veteran Autograph;27;Platinum /1;FALSE
Milwaukee Bucks;2022 - 2023;Panini Prizm;Prizm;98;Base;TRUE
Milwaukee Bucks;2022 - 2023;Panini Prizm;Prizm;98;Blue Wave;TRUE
Milwaukee Bucks;2022 - 2023;Panini Prizm;Prizm;98;Blue Yellow and Green Choice;FALSE
Milwaukee Bucks;2022 - 2023;Panini Prizm;Prizm;98;Fast Break;FALSE
Milwaukee Bucks;2022 - 2023;Panini Prizm;Prizm;98;Green;TRUE
Milwaukee Bucks;2022 - 2023;Panini Prizm;Prizm;98;Green Ice ;FALSE
Milwaukee Bucks;2022 - 2023;Panini Prizm;Prizm;98;Hyper;FALSE
Milwaukee Bucks;2022 - 2023;Panini Prizm;Prizm;98;Ice;FALSE
Milwaukee Bucks;2022 - 2023;Panini Prizm;Prizm;98;Pink Ice;FALSE
Milwaukee Bucks;2022 - 2023;Panini Prizm;Prizm;98;Pulsar;FALSE
Milwaukee Bucks;2022 - 2023;Panini Prizm;Prizm;98;Red Ice;FALSE
Milwaukee Bucks;2022 - 2023;Panini Prizm;Prizm;98;Red Sparkle;FALSE
Milwaukee Bucks;2022 - 2023;Panini Prizm;Prizm;98;Red White Blue;FALSE
Milwaukee Bucks;2022 - 2023;Panini Prizm;Prizm;98;Ruby Wave;TRUE
Milwaukee Bucks;2022 - 2023;Panini Prizm;Prizm;98;Silver;TRUE
Milwaukee Bucks;2022 - 2023;Panini Prizm;Prizm;98;Tiger Stripe Choice;FALSE
Milwaukee Bucks;2022 - 2023;Panini Prizm;Prizm;98;Wave Green;FALSE
Milwaukee Bucks;2022 - 2023;Panini Prizm;Prizm;98;White Sparkle;FALSE
Milwaukee Bucks;2022 - 2023;Panini Prizm;Prizm;98;Red /299;FALSE
Milwaukee Bucks;2022 - 2023;Panini Prizm;Prizm;98;Blue /199;FALSE
Milwaukee Bucks;2022 - 2023;Panini Prizm;Prizm;98;Fast Break Blue /150;FALSE
Milwaukee Bucks;2022 - 2023;Panini Prizm;Prizm;98;Premium Factory Set /150;TRUE
Milwaukee Bucks;2022 - 2023;Panini Prizm;Prizm;98;Purple Ice /149;FALSE
Milwaukee Bucks;2022 - 2023;Panini Prizm;Prizm;98;Blue Ice /125;TRUE
Milwaukee Bucks;2022 - 2023;Panini Prizm;Prizm;98;Fast Break Red /100;FALSE
Milwaukee Bucks;2022 - 2023;Panini Prizm;Prizm;98;Purple/ 99;FALSE
Milwaukee Bucks;2022 - 2023;Panini Prizm;Prizm;98;Red Choice /88;TRUE
Milwaukee Bucks;2022 - 2023;Panini Prizm;Prizm;98;Fast Break Purple /75;FALSE
Milwaukee Bucks;2022 - 2023;Panini Prizm;Prizm;98;Red Power /75;FALSE
Milwaukee Bucks;2022 - 2023;Panini Prizm;Prizm;98;Orange Wave /60;FALSE
Milwaukee Bucks;2022 - 2023;Panini Prizm;Prizm;98;Fast Break Pink /50;FALSE
Milwaukee Bucks;2022 - 2023;Panini Prizm;Prizm;98;Blue Choice /49;FALSE
Milwaukee Bucks;2022 - 2023;Panini Prizm;Prizm;98;Orange /49;FALSE
Milwaukee Bucks;2022 - 2023;Panini Prizm;Prizm;98;Pink Pulsar /42;FALSE
Milwaukee Bucks;2022 - 2023;Panini Prizm;Prizm;98;Blue Shimmer FOTL /35;FALSE
Milwaukee Bucks;2022 - 2023;Panini Prizm;Prizm;98;Purple Pulsar /35;FALSE
Milwaukee Bucks;2022 - 2023;Panini Prizm;Prizm;98;Green Pulsar /25;FALSE
Milwaukee Bucks;2022 - 2023;Panini Prizm;Prizm;98;Mojo /25;TRUE
Milwaukee Bucks;2022 - 2023;Panini Prizm;Prizm;98;Gold Sparkle /24;FALSE
Milwaukee Bucks;2022 - 2023;Panini Prizm;Prizm;98;Fast Break Bronze /20;FALSE
Milwaukee Bucks;2022 - 2023;Panini Prizm;Prizm;98;Purple Choice /20;FALSE
Milwaukee Bucks;2022 - 2023;Panini Prizm;Prizm;98;Gold /10;FALSE
Milwaukee Bucks;2022 - 2023;Panini Prizm;Prizm;98;Gold Shimmer FOTL /10;FALSE
Milwaukee Bucks;2022 - 2023;Panini Prizm;Prizm;98;Wave Gold /10;FALSE
Milwaukee Bucks;2022 - 2023;Panini Prizm;Prizm;98;Green Choice /8;FALSE
Milwaukee Bucks;2022 - 2023;Panini Prizm;Prizm;98;Lucky Envelopes /8;FALSE
Milwaukee Bucks;2022 - 2023;Panini Prizm;Prizm;98;Green Sparkle /8;FALSE
Milwaukee Bucks;2022 - 2023;Panini Prizm;Prizm;98;Black Gold /5;FALSE
Milwaukee Bucks;2022 - 2023;Panini Prizm;Prizm;98;Fast Break Neon Green /5;FALSE
Milwaukee Bucks;2022 - 2023;Panini Prizm;Prizm;98;Green Shimmer FOTL /5;FALSE
Milwaukee Bucks;2022 - 2023;Panini Prizm;Prizm;98;Black /1;FALSE
Milwaukee Bucks;2022 - 2023;Panini Prizm;Prizm;98;Nebula Choice /1;FALSE
Milwaukee Bucks;2022 - 2023;Panini Recon ;Recon;20;Base;TRUE
Milwaukee Bucks;2022 - 2023;Panini Recon ;Recon;20;Holo;FALSE
Milwaukee Bucks;2022 - 2023;Panini Recon ;Recon;20;Dots;FALSE
Milwaukee Bucks;2022 - 2023;Panini Recon ;Recon;20;Bronze /299;FALSE
Milwaukee Bucks;2022 - 2023;Panini Recon ;Recon;20;Red /199;FALSE
Milwaukee Bucks;2022 - 2023;Panini Recon ;Recon;20;Blue /99;FALSE
Milwaukee Bucks;2022 - 2023;Panini Recon ;Recon;20;Purple /49;FALSE
Milwaukee Bucks;2022 - 2023;Panini Recon ;Recon;20;Orange FOTL /17;FALSE
Milwaukee Bucks;2022 - 2023;Panini Recon ;Recon;20;Gold /10;FALSE
Milwaukee Bucks;2022 - 2023;Panini Recon ;Recon;20;Green /5;FALSE
Milwaukee Bucks;2022 - 2023;Panini Recon ;Recon;20;Platinum Swirl FOTL /3;FALSE
Milwaukee Bucks;2022 - 2023;Panini Recon ;Recon;20;Platinum /1;FALSE
Milwaukee Bucks;2022 - 2023;Panini Select;Signature Selections;33;Base;FALSE
Milwaukee Bucks;2022 - 2023;Panini Select;Signature Selections;33;Green Ice;FALSE
Milwaukee Bucks;2022 - 2023;Panini Select;Signature Selections;33;Gold /10;FALSE
Milwaukee Bucks;2022 - 2023;Panini Select;Signature Selections;33;Black /1;FALSE
Milwaukee Bucks;2022 - 2023;Panini Spectra;Catalysts Signatures ;CSA-GRY;Base /99;FALSE
Milwaukee Bucks;2022 - 2023;Panini Spectra;Catalysts Signatures ;CSA-GRY;Asia;FALSE
Milwaukee Bucks;2022 - 2023;Panini Spectra;Catalysts Signatures ;CSA-GRY;Astral /49;TRUE
Milwaukee Bucks;2022 - 2023;Panini Spectra;Catalysts Signatures ;CSA-GRY;Meta /25;FALSE
Milwaukee Bucks;2022 - 2023;Panini Spectra;Catalysts Signatures ;CSA-GRY;Gold /10;FALSE
Milwaukee Bucks;2022 - 2023;Panini Spectra;Catalysts Signatures ;CSA-GRY;Marble /5;FALSE
Milwaukee Bucks;2022 - 2023;Panini Spectra;Catalysts Signatures ;CSA-GRY;Gold Asia /3;FALSE
Milwaukee Bucks;2022 - 2023;Panini Spectra;Catalysts Signatures ;CSA-GRY;Black Asia /1;FALSE
Milwaukee Bucks;2022 - 2023;Panini Spectra;Catalysts Signatures ;CSA-GRY;Nebula /1;FALSE
Milwaukee Bucks;2022 - 2023;Panini Spectra;Deep Space;30;Base /99;FALSE
Milwaukee Bucks;2022 - 2023;Panini Spectra;Deep Space;30;Astral /49;TRUE
Milwaukee Bucks;2022 - 2023;Panini Spectra;Deep Space;30;Meta /25;TRUE
Milwaukee Bucks;2022 - 2023;Panini Spectra;Deep Space;30;Gold /10;FALSE
Milwaukee Bucks;2022 - 2023;Panini Spectra;Deep Space;30;Marble /5;FALSE
Milwaukee Bucks;2022 - 2023;Panini Spectra;Deep Space;30;Nebula /1;TRUE
Milwaukee Bucks;2022 - 2023;Panini Spectra;Deep Space;30;Asia;FALSE
Milwaukee Bucks;2022 - 2023;Panini Spectra;Deep Space;30;Gold Asia /3;FALSE
Milwaukee Bucks;2022 - 2023;Panini Spectra;Deep Space;30;Black Asia /1;FALSE
Phoenix Suns;2023 - 2024;Donruss ;Elite;124;Base;TRUE
Phoenix Suns;2023 - 2024;Donruss ;Elite;124;International;FALSE
Phoenix Suns;2023 - 2024;Donruss ;Elite;124;Hyper Red and Green International;TRUE
Phoenix Suns;2023 - 2024;Donruss ;Elite;124;Mixorama;FALSE
Phoenix Suns;2023 - 2024;Donruss ;Elite;124;Orange;TRUE
Phoenix Suns;2023 - 2024;Donruss ;Elite;124;Blue /99;FALSE
Phoenix Suns;2023 - 2024;Donruss ;Elite;124;Hyper Red International /88;TRUE
Phoenix Suns;2023 - 2024;Donruss ;Elite;124;Neon Green /75;FALSE
Phoenix Suns;2023 - 2024;Donruss ;Elite;124;Purple /49;FALSE
Phoenix Suns;2023 - 2024;Donruss ;Elite;124;Aspirations /92;FALSE
Phoenix Suns;2023 - 2024;Donruss ;Elite;124;Black /25;FALSE
Phoenix Suns;2023 - 2024;Donruss ;Elite;124;Hyper Green International /24;TRUE
Phoenix Suns;2023 - 2024;Donruss ;Elite;124;Pink FOTL /17;FALSE
Phoenix Suns;2023 - 2024;Donruss ;Elite;124;Gold /10;FALSE
Phoenix Suns;2023 - 2024;Donruss ;Elite;124;Hyper Gold International /10;FALSE
Phoenix Suns;2023 - 2024;Donruss ;Elite;124;Status /8;FALSE
Phoenix Suns;2023 - 2024;Donruss ;Elite;124;Lucky Envelopes International /8;FALSE
Phoenix Suns;2023 - 2024;Donruss ;Elite;124;Platinum FOTL /3;FALSE
Phoenix Suns;2023 - 2024;Donruss ;Elite;124;Elite /1;FALSE
Phoenix Suns;2023 - 2024;Donruss;Optic;99;Base;TRUE
Phoenix Suns;2023 - 2024;Donruss;Optic;99;Blue Velocity ;FALSE
Phoenix Suns;2023 - 2024;Donruss;Optic;99;Checkerboard;FALSE
Phoenix Suns;2023 - 2024;Donruss;Optic;99;Dragon Choice;FALSE
Phoenix Suns;2023 - 2024;Donruss;Optic;99;Fast Break Holo;FALSE
Phoenix Suns;2023 - 2024;Donruss;Optic;99;Green Shock;FALSE
Phoenix Suns;2023 - 2024;Donruss;Optic;99;Holo;TRUE
Phoenix Suns;2023 - 2024;Donruss;Optic;99;Hyper Green;FALSE
Phoenix Suns;2023 - 2024;Donruss;Optic;99;Hyper Pink;TRUE
Phoenix Suns;2023 - 2024;Donruss;Optic;99;Jazz;FALSE
Phoenix Suns;2023 - 2024;Donruss;Optic;99;Photon;FALSE
Phoenix Suns;2023 - 2024;Donruss;Optic;99;Purple;TRUE
Phoenix Suns;2023 - 2024;Donruss;Optic;99;Purple Shock;FALSE
Phoenix Suns;2023 - 2024;Donruss;Optic;99;Red and Green Choice;FALSE
Phoenix Suns;2023 - 2024;Donruss;Optic;99;Red International;FALSE
Phoenix Suns;2023 - 2024;Donruss;Optic;99;White Sparkle;FALSE
Phoenix Suns;2023 - 2024;Donruss;Optic;99;Red Velocity /299;FALSE
Phoenix Suns;2023 - 2024;Donruss;Optic;99;Aqua /249;FALSE
Phoenix Suns;2023 - 2024;Donruss;Optic;99;Blue Seismic /249;TRUE
Phoenix Suns;2023 - 2024;Donruss;Optic;99;Premium Box Set /249;TRUE
Phoenix Suns;2023 - 2024;Donruss;Optic;99;Orange /199;TRUE
Phoenix Suns;2023 - 2024;Donruss;Optic;99;Lime Green /149;FALSE
Phoenix Suns;2023 - 2024;Donruss;Optic;99;Red Seismic /130;FALSE
Phoenix Suns;2023 - 2024;Donruss;Optic;99;Copper Glitter /99;FALSE
Phoenix Suns;2023 - 2024;Donruss;Optic;99;Fast Break Purple /99;FALSE
Phoenix Suns;2023 - 2024;Donruss;Optic;99;Hyper Orange /99;FALSE
Phoenix Suns;2023 - 2024;Donruss;Optic;99;Red /99;FALSE
Phoenix Suns;2023 - 2024;Donruss;Optic;99;Red Gold International /99;TRUE
Phoenix Suns;2023 - 2024;Donruss;Optic;99;Red Choice /88;FALSE
Phoenix Suns;2023 - 2024;Donruss;Optic;99;Pink Velocity /79;FALSE
Phoenix Suns;2023 - 2024;Donruss;Optic;99;Green Glitter /77;FALSE
Phoenix Suns;2023 - 2024;Donruss;Optic;99;Fast Break Red /75;FALSE
Phoenix Suns;2023 - 2024;Donruss;Optic;99;Red Glitter /75;FALSE
Phoenix Suns;2023 - 2024;Donruss;Optic;99;Green International /65;TRUE
Phoenix Suns;2023 - 2024;Donruss;Optic;99;Blue /49;FALSE
Phoenix Suns;2023 - 2024;Donruss;Optic;99;Fast Break Blue /49;TRUE
Phoenix Suns;2023 - 2024;Donruss;Optic;99;Green Velocity /49;FALSE
Phoenix Suns;2023 - 2024;Donruss;Optic;99;Black Velocity /39;FALSE
Phoenix Suns;2023 - 2024;Donruss;Optic;99;Fast Break Pink /25;FALSE
Phoenix Suns;2023 - 2024;Donruss;Optic;99;Pink /25;FALSE
Phoenix Suns;2023 - 2024;Donruss;Optic;99;Blue Mojo Choice /24;FALSE
Phoenix Suns;2023 - 2024;Donruss;Optic;99;Purple Stars FOTL /17;FALSE
Phoenix Suns;2023 - 2024;Donruss;Optic;99;Blue Glitter /15;TRUE
Phoenix Suns;2023 - 2024;Donruss;Optic;99;Fast Break Gold /10;FALSE
Phoenix Suns;2023 - 2024;Donruss;Optic;99;Gold /10;FALSE
Phoenix Suns;2023 - 2024;Donruss;Optic;99;Gold International /10;FALSE
Phoenix Suns;2023 - 2024;Donruss;Optic;99;Black Gold Choice /8;FALSE
Phoenix Suns;2023 - 2024;Donruss;Optic;99;Lucky Envelopes /8;FALSE
Phoenix Suns;2023 - 2024;Donruss;Optic;99;Fast Break Red and Yellow /7;FALSE
Phoenix Suns;2023 - 2024;Donruss;Optic;99;Fast Break Neon Green /5;FALSE
Phoenix Suns;2023 - 2024;Donruss;Optic;99;Green /5;FALSE
Phoenix Suns;2023 - 2024;Donruss;Optic;99;Black /1;FALSE
Phoenix Suns;2023 - 2024;Donruss;Optic;99;Fast Break Black /1;FALSE
Phoenix Suns;2023 - 2024;Donruss;Optic;99;Gold Vinyl /1;FALSE
Phoenix Suns;2023 - 2024;Donruss;Optic;99;Nebula Choice /1;FALSE
Phoenix Suns;2023 - 2024;Panini Hoops;Premium Stock;190;Base;FALSE
Phoenix Suns;2023 - 2024;Panini Hoops;Premium Stock;190;Disco;FALSE
Phoenix Suns;2023 - 2024;Panini Hoops;Premium Stock;190;Ice;TRUE
Phoenix Suns;2023 - 2024;Panini Hoops;Premium Stock;190;Multi Wave;FALSE
Phoenix Suns;2023 - 2024;Panini Hoops;Premium Stock;190;Premium;FALSE
Phoenix Suns;2023 - 2024;Panini Hoops;Premium Stock;190;Premium Tiger;FALSE
Phoenix Suns;2023 - 2024;Panini Hoops;Premium Stock;190;Pulsar;FALSE
Phoenix Suns;2023 - 2024;Panini Hoops;Premium Stock;190;Red Pulsar;FALSE
Phoenix Suns;2023 - 2024;Panini Hoops;Premium Stock;190;Seismic;FALSE
Phoenix Suns;2023 - 2024;Panini Hoops;Premium Stock;190;Silver;FALSE
Phoenix Suns;2023 - 2024;Panini Hoops;Premium Stock;190;Orange /299;FALSE
Phoenix Suns;2023 - 2024;Panini Hoops;Premium Stock;190;Red /275;TRUE
Phoenix Suns;2023 - 2024;Panini Hoops;Premium Stock;190;Red Seismic /199;FALSE
Phoenix Suns;2023 - 2024;Panini Hoops;Premium Stock;190;Disco Red /149;FALSE
Phoenix Suns;2023 - 2024;Panini Hoops;Premium Stock;190;Purple Ice /149;FALSE
Phoenix Suns;2023 - 2024;Panini Hoops;Premium Stock;190;Orange Ice /125;FALSE
Phoenix Suns;2023 - 2024;Panini Hoops;Premium Stock;190;Blue /120;FALSE
Phoenix Suns;2023 - 2024;Panini Hoops;Premium Stock;190;Blue Ice /99;FALSE
Phoenix Suns;2023 - 2024;Panini Hoops;Premium Stock;190;Disco Blue /99;FALSE
Phoenix Suns;2023 - 2024;Panini Hoops;Premium Stock;190;Red Ice /99;FALSE
Phoenix Suns;2023 - 2024;Panini Hoops;Premium Stock;190;Seismic Blue /99;FALSE
Phoenix Suns;2023 - 2024;Panini Hoops;Premium Stock;190;Premium Red /88;FALSE
Phoenix Suns;2023 - 2024;Panini Hoops;Premium Stock;190;Blue Pulsar /75;FALSE
Phoenix Suns;2023 - 2024;Panini Hoops;Premium Stock;190;Green /75;TRUE
Phoenix Suns;2023 - 2024;Panini Hoops;Premium Stock;190;White Seismic /75;FALSE
Phoenix Suns;2023 - 2024;Panini Hoops;Premium Stock;190;Pink Ice /35;FALSE
Phoenix Suns;2023 - 2024;Panini Hoops;Premium Stock;190;Premium Blue /25;FALSE
Phoenix Suns;2023 - 2024;Panini Hoops;Premium Stock;190;White Ice /25;FALSE
Phoenix Suns;2023 - 2024;Panini Hoops;Premium Stock;190;Neon Blue /15;FALSE
Phoenix Suns;2023 - 2024;Panini Hoops;Premium Stock;190;Disco Gold /10;FALSE
Phoenix Suns;2023 - 2024;Panini Hoops;Premium Stock;190;Gold /10;FALSE
Phoenix Suns;2023 - 2024;Panini Hoops;Premium Stock;190;Gold Ice /10;FALSE
Phoenix Suns;2023 - 2024;Panini Hoops;Premium Stock;190;Pulsar Gold /10;FALSE
Phoenix Suns;2023 - 2024;Panini Hoops;Premium Stock;190;Seismic Gold /10;FALSE
Phoenix Suns;2023 - 2024;Panini Hoops;Premium Stock;190;Premium Green /8;FALSE
Phoenix Suns;2023 - 2024;Panini Hoops;Premium Stock;190;Disco Green /5;FALSE
Phoenix Suns;2023 - 2024;Panini Hoops;Premium Stock;190;Neon Green /5;FALSE
Phoenix Suns;2023 - 2024;Panini Hoops;Premium Stock;190;Black Pulsar /1;FALSE
Phoenix Suns;2023 - 2024;Panini Hoops;Premium Stock;190;Disco Black /1;FALSE
Phoenix Suns;2023 - 2024;Panini Hoops;Premium Stock;190;Gold Vinyl /1;FALSE
Phoenix Suns;2023 - 2024;Panini Hoops;Premium Stock;190;Premium Nebula /1;FALSE
Phoenix Suns;2023 - 2024;Panini Hoops ;Haunted ;190;Base;FALSE
Phoenix Suns;2023 - 2024;Panini Hoops ;Haunted ;190;Holo Candy;FALSE
Phoenix Suns;2023 - 2024;Panini Hoops ;Haunted ;190;Holo Webs;FALSE
Phoenix Suns;2023 - 2024;Panini Hoops ;Haunted ;190;Orange;FALSE
Phoenix Suns;2023 - 2024;Panini Hoops ;Haunted ;190;Slime;TRUE
Phoenix Suns;2023 - 2024;Panini Mosaic;Mosaic;69;Base;TRUE
Phoenix Suns;2023 - 2024;Panini Mosaic;Mosaic;69;Mosaic;FALSE
Phoenix Suns;2023 - 2024;Panini Mosaic;Mosaic;69;Genesis ;FALSE
Phoenix Suns;2023 - 2024;Panini Mosaic;Mosaic;69;Glitter;FALSE
Phoenix Suns;2023 - 2024;Panini Mosaic;Mosaic;69;Green;FALSE
Phoenix Suns;2023 - 2024;Panini Mosaic;Mosaic;69;Green Ice;FALSE
Phoenix Suns;2023 - 2024;Panini Mosaic;Mosaic;69;International;FALSE
Phoenix Suns;2023 - 2024;Panini Mosaic;Mosaic;69;Peacock Choice;FALSE
Phoenix Suns;2023 - 2024;Panini Mosaic;Mosaic;69;Reactive Blue;TRUE
Phoenix Suns;2023 - 2024;Panini Mosaic;Mosaic;69;Reactive Yellow;TRUE
Phoenix Suns;2023 - 2024;Panini Mosaic;Mosaic;69;Red;FALSE
Phoenix Suns;2023 - 2024;Panini Mosaic;Mosaic;69;Silver;FALSE
Phoenix Suns;2023 - 2024;Panini Mosaic;Mosaic;69;Silver Fast Break;TRUE
Phoenix Suns;2023 - 2024;Panini Mosaic;Mosaic;69;White Sparkle;FALSE
Phoenix Suns;2023 - 2024;Panini Mosaic;Mosaic;69;Red Seismic /299;FALSE
Phoenix Suns;2023 - 2024;Panini Mosaic;Mosaic;69;Blue /199;FALSE
Phoenix Suns;2023 - 2024;Panini Mosaic;Mosaic;69;Pink /49;FALSE
Phoenix Suns;2023 - 2024;Panini Mosaic;Mosaic;69;Ice /125;FALSE
Phoenix Suns;2023 - 2024;Panini Mosaic;Mosaic;69;Purple /99;FALSE
Phoenix Suns;2023 - 2024;Panini Mosaic;Mosaic;69;Blue Fast Break /85;FALSE
Phoenix Suns;2023 - 2024;Panini Mosaic;Mosaic;69;International Red /75;FALSE
Phoenix Suns;2023 - 2024;Panini Mosaic;Mosaic;69;Red and Yellow Fusion Choice /75;FALSE
Phoenix Suns;2023 - 2024;Panini Mosaic;Mosaic;69;Teal /75;FALSE
Phoenix Suns;2023 - 2024;Panini Mosaic;Mosaic;69;Purple Fast Break /50;TRUE
Phoenix Suns;2023 - 2024;Panini Mosaic;Mosaic;69;International Blue /25;FALSE
Phoenix Suns;2023 - 2024;Panini Mosaic;Mosaic;69;Orange Fluorescent /25;FALSE
Phoenix Suns;2023 - 2024;Panini Mosaic;Mosaic;69;White /25;FALSE
Phoenix Suns;2023 - 2024;Panini Mosaic;Mosaic;69;Pink Fast Break /20;TRUE
Phoenix Suns;2023 - 2024;Panini Mosaic;Mosaic;69;Green Fusoin Choice /18;FALSE
Phoenix Suns;2023 - 2024;Panini Mosaic;Mosaic;69;Pink Swirl FOTL /18;FALSE
Phoenix Suns;2023 - 2024;Panini Mosaic;Mosaic;69;Gold /10;FALSE
Phoenix Suns;2023 - 2024;Panini Mosaic;Mosaic;69;Gold Fast Break /10;FALSE
Phoenix Suns;2023 - 2024;Panini Mosaic;Mosaic;69;Green Fluorescent /10;FALSE
Phoenix Suns;2023 - 2024;Panini Mosaic;Mosaic;69;International Gold /10;FALSE
Phoenix Suns;2023 - 2024;Panini Mosaic;Mosaic;69;Pink Fluorescent /10;FALSE
Phoenix Suns;2023 - 2024;Panini Mosaic;Mosaic;69;Black Gold Choice /8;FALSE
Phoenix Suns;2023 - 2024;Panini Mosaic;Mosaic;69;Lucky Envelopes /8;FALSE
Phoenix Suns;2023 - 2024;Panini Mosaic;Mosaic;69;Gold Glitter /5;FALSE
Phoenix Suns;2023 - 2024;Panini Mosaic;Mosaic;69;Green Swirl FOTL /3;FALSE
Phoenix Suns;2023 - 2024;Panini Mosaic;Mosaic;69;Black /1;FALSE
Phoenix Suns;2023 - 2024;Panini Mosaic;Mosaic;69;Black Fast Break /1;FALSE
Phoenix Suns;2023 - 2024;Panini Mosaic;Mosaic;69;Nebula Choice /1;FALSE
Phoenix Suns;2023 - 2024;Panini Mosaic;Showtime Signatures ;15;Blue /49;FALSE
Phoenix Suns;2023 - 2024;Panini Mosaic;Showtime Signatures ;15;White /25;FALSE
Phoenix Suns;2023 - 2024;Panini Mosaic;Showtime Signatures ;15;Gold /10;FALSE
Phoenix Suns;2023 - 2024;Panini Mosaic;Showtime Signatures ;15;Choice Black Gold /8;FALSE
Phoenix Suns;2023 - 2024;Panini Mosaic;Showtime Signatures ;15;Black /1;FALSE
Phoenix Suns;2023 - 2024;Panini Obsidian;Obsidian ;48;Base;FALSE
Phoenix Suns;2023 - 2024;Panini Obsidian;Obsidian ;48;International;FALSE
Phoenix Suns;2023 - 2024;Panini Obsidian;Obsidian ;48;Neon Flood;FALSE
Phoenix Suns;2023 - 2024;Panini Obsidian;Obsidian ;48;Pink Pulsar;FALSE
Phoenix Suns;2023 - 2024;Panini Obsidian;Obsidian ;48;Red Flood;FALSE
Phoenix Suns;2023 - 2024;Panini Obsidian;Obsidian ;48;Orange Flood /99;FALSE
Phoenix Suns;2023 - 2024;Panini Obsidian;Obsidian ;48;Reggae Flood /75;FALSE
Phoenix Suns;2023 - 2024;Panini Obsidian;Obsidian ;48;Purple Flood /49;FALSE
Phoenix Suns;2023 - 2024;Panini Obsidian;Obsidian ;48;Blue /30;FALSE
Phoenix Suns;2023 - 2024;Panini Obsidian;Obsidian ;48;Green /25;TRUE
Phoenix Suns;2023 - 2024;Panini Obsidian;Obsidian ;48;Green Flood /25;TRUE
Phoenix Suns;2023 - 2024;Panini Obsidian;Obsidian ;48;Blue Flood /16;FALSE
Phoenix Suns;2023 - 2024;Panini Obsidian;Obsidian ;48;Gold Flood /10;FALSE
Phoenix Suns;2023 - 2024;Panini Obsidian;Obsidian ;48;Molten Mojo /10;FALSE
Phoenix Suns;2023 - 2024;Panini Obsidian;Obsidian ;48;Lucky Envelopes /8;FALSE
Phoenix Suns;2023 - 2024;Panini Obsidian;Obsidian ;48;Deep Sea Mojo /5;FALSE
Phoenix Suns;2023 - 2024;Panini Obsidian;Obsidian ;48;Contra /3;FALSE
Phoenix Suns;2023 - 2024;Panini Obsidian;Obsidian ;48;Ashen Flood /1;FALSE
Phoenix Suns;2023 - 2024;Panini Obsidian;Obsidian ;48;Vibrant Mojo /1;FALSE
Phoenix Suns;2023 - 2024;Panini Phoenix;Phoenix;167;Base;TRUE
Phoenix Suns;2023 - 2024;Panini Phoenix;Phoenix;167;Blue Ice;TRUE
Phoenix Suns;2023 - 2024;Panini Phoenix;Phoenix;167;Color Burst;FALSE
Phoenix Suns;2023 - 2024;Panini Phoenix;Phoenix;167;Dream Weaver;FALSE
Phoenix Suns;2023 - 2024;Panini Phoenix;Phoenix;167;Hieroglyps Phoenix;FALSE
Phoenix Suns;2023 - 2024;Panini Phoenix;Phoenix;167;International ;TRUE
Phoenix Suns;2023 - 2024;Panini Phoenix;Phoenix;167;Red Ice Phoneix;FALSE
Phoenix Suns;2023 - 2024;Panini Phoenix;Phoenix;167;Silver;TRUE
Phoenix Suns;2023 - 2024;Panini Phoenix;Phoenix;167;Teal Lazer;FALSE
Phoenix Suns;2023 - 2024;Panini Phoenix;Phoenix;167;Blue Lazer Phoenix /275;TRUE
Phoenix Suns;2023 - 2024;Panini Phoenix;Phoenix;167;Maroon Ice Phoenix /275;FALSE
Phoenix Suns;2023 - 2024;Panini Phoenix;Phoenix;167;Orange Ice /249;FALSE
Phoenix Suns;2023 - 2024;Panini Phoenix;Phoenix;167;Red /199;TRUE
Phoenix Suns;2023 - 2024;Panini Phoenix;Phoenix;167;Green Lazer /175;FALSE
Phoenix Suns;2023 - 2024;Panini Phoenix;Phoenix;167;Pink /175;TRUE
Phoenix Suns;2023 - 2024;Panini Phoenix;Phoenix;167;Yellow Ice /175;FALSE
Phoenix Suns;2023 - 2024;Panini Phoenix;Phoenix;167;Purple /150;FALSE
Phoenix Suns;2023 - 2024;Panini Phoenix;Phoenix;167;White Lazer /150;FALSE
Phoenix Suns;2023 - 2024;Panini Phoenix;Phoenix;167;Green Ice /149;FALSE
Phoenix Suns;2023 - 2024;Panini Phoenix;Phoenix;167;Seismic /125;FALSE
Phoenix Suns;2023 - 2024;Panini Phoenix;Phoenix;167;Whit Ice /125;FALSE
Phoenix Suns;2023 - 2024;Panini Phoenix;Phoenix;167;Orange /99;FALSE
Phoenix Suns;2023 - 2024;Panini Phoenix;Phoenix;167;Lava /75;TRUE
Phoenix Suns;2023 - 2024;Panini Phoenix;Phoenix;167;International Red /75;FALSE
Phoenix Suns;2023 - 2024;Panini Phoenix;Phoenix;167;Bronze Lazer /49;TRUE
Phoenix Suns;2023 - 2024;Panini Phoenix;Phoenix;167;Yellow /49;FALSE
Phoenix Suns;2023 - 2024;Panini Phoenix;Phoenix;167;Blue /35;FALSE
Phoenix Suns;2023 - 2024;Panini Phoenix;Phoenix;167;International Blue /35;TRUE
Phoenix Suns;2023 - 2024;Panini Phoenix;Phoenix;167;Fire and Ice /25;FALSE
Phoenix Suns;2023 - 2024;Panini Phoenix;Phoenix;167;International Fire and Ice /25;FALSE
Phoenix Suns;2023 - 2024;Panini Phoenix;Phoenix;167;Pink Ice /25;FALSE
Phoenix Suns;2023 - 2024;Panini Phoenix;Phoenix;167;Purple Ice /25;FALSE
Phoenix Suns;2023 - 2024;Panini Phoenix;Phoenix;167;Rend Pandora FOTL /11;FALSE
Phoenix Suns;2023 - 2024;Panini Phoenix;Phoenix;167;Gold /10;FALSE
Phoenix Suns;2023 - 2024;Panini Phoenix;Phoenix;167;Gold Phoenix /10;TRUE
Phoenix Suns;2023 - 2024;Panini Phoenix;Phoenix;167;Lucky Envelopes /8;FALSE
Phoenix Suns;2023 - 2024;Panini Phoenix;Phoenix;167;International Gold /10;FALSE
Phoenix Suns;2023 - 2024;Panini Phoenix;Phoenix;167;Green /5;FALSE
Phoenix Suns;2023 - 2024;Panini Phoenix;Phoenix;167;Starry FOTL /3;FALSE
Phoenix Suns;2023 - 2024;Panini Phoenix;Phoenix;167;Black /1;FALSE
Phoenix Suns;2023 - 2024;Panini Phoenix;Phoenix;167;Gold Vinyl /1;FALSE
Phoenix Suns;2023 - 2024;Panini Prizm;Prizm;226;Base;TRUE
Phoenix Suns;2023 - 2024;Panini Prizm;Prizm;226;Blue Wave ;FALSE
Phoenix Suns;2023 - 2024;Panini Prizm;Prizm;226;Choice Blue Yellow and Green;FALSE
Phoenix Suns;2023 - 2024;Panini Prizm;Prizm;226;Choice Tiger;FALSE
Phoenix Suns;2023 - 2024;Panini Prizm;Prizm;226;Fast Break;FALSE
Phoenix Suns;2023 - 2024;Panini Prizm;Prizm;226;Glitter;FALSE
Phoenix Suns;2023 - 2024;Panini Prizm;Prizm;226;Green;TRUE
Phoenix Suns;2023 - 2024;Panini Prizm;Prizm;226;Green Ice;FALSE
Phoenix Suns;2023 - 2024;Panini Prizm;Prizm;226;Hyper;FALSE
Phoenix Suns;2023 - 2024;Panini Prizm;Prizm;226;Ice;FALSE
Phoenix Suns;2023 - 2024;Panini Prizm;Prizm;226;Orange Ice ;TRUE
Phoenix Suns;2023 - 2024;Panini Prizm;Prizm;226;Pink Ice ;TRUE
Phoenix Suns;2023 - 2024;Panini Prizm;Prizm;226;Red Ice;FALSE
Phoenix Suns;2023 - 2024;Panini Prizm;Prizm;226;Red Sparkle;FALSE
Phoenix Suns;2023 - 2024;Panini Prizm;Prizm;226;Pulsar;FALSE
Phoenix Suns;2023 - 2024;Panini Prizm;Prizm;226;Red White and Blue;FALSE
Phoenix Suns;2023 - 2024;Panini Prizm;Prizm;226;Ruby Wave;FALSE
Phoenix Suns;2023 - 2024;Panini Prizm;Prizm;226;Silver;FALSE
Phoenix Suns;2023 - 2024;Panini Prizm;Prizm;226;Snakeskin;FALSE
Phoenix Suns;2023 - 2024;Panini Prizm;Prizm;226;Wave Green;FALSE
Phoenix Suns;2023 - 2024;Panini Prizm;Prizm;226;White Sparkle;FALSE
Phoenix Suns;2023 - 2024;Panini Prizm;Prizm;226;Red /299;TRUE
Phoenix Suns;2023 - 2024;Panini Prizm;Prizm;226;Red Seismic /299;FALSE
Phoenix Suns;2023 - 2024;Panini Prizm;Prizm;226;Teal Ice /255;FALSE
Phoenix Suns;2023 - 2024;Panini Prizm;Prizm;226;Blue /199;FALSE
Phoenix Suns;2023 - 2024;Panini Prizm;Prizm;226;White /175;FALSE
Phoenix Suns;2023 - 2024;Panini Prizm;Prizm;226;Blue Fast Break /150;FALSE
Phoenix Suns;2023 - 2024;Panini Prizm;Prizm;226;Premium Factory Set /150;FALSE
Phoenix Suns;2023 - 2024;Panini Prizm;Prizm;226;Purple Ice /149;FALSE
Phoenix Suns;2023 - 2024;Panini Prizm;Prizm;226;Blue Sparkle /144;FALSE
Phoenix Suns;2023 - 2024;Panini Prizm;Prizm;226;Blue Ice /125;FALSE
Phoenix Suns;2023 - 2024;Panini Prizm;Prizm;226;Red Fast Break /100;FALSE
Phoenix Suns;2023 - 2024;Panini Prizm;Prizm;226;Blue Seismic /99;FALSE
Phoenix Suns;2023 - 2024;Panini Prizm;Prizm;226;Purple /99;FALSE
Phoenix Suns;2023 - 2024;Panini Prizm;Prizm;226;Choice Red /88;FALSE
Phoenix Suns;2023 - 2024;Panini Prizm;Prizm;226;Multi Wave /88;TRUE
Phoenix Suns;2023 - 2024;Panini Prizm;Prizm;226;Purple Fast Break /75;FALSE
Phoenix Suns;2023 - 2024;Panini Prizm;Prizm;226;Red Power /75;FALSE
Phoenix Suns;2023 - 2024;Panini Prizm;Prizm;226;Orange Wave /60;FALSE
Phoenix Suns;2023 - 2024;Panini Prizm;Prizm;226;Pink Fast Break /50;FALSE
Phoenix Suns;2023 - 2024;Panini Prizm;Prizm;226;Choice Blue /49;FALSE
Phoenix Suns;2023 - 2024;Panini Prizm;Prizm;226;Orange /49;TRUE
Phoenix Suns;2023 - 2024;Panini Prizm;Prizm;226;Pink Pulsar /42;FALSE
Phoenix Suns;2023 - 2024;Panini Prizm;Prizm;226;White Wave /38;FALSE
Phoenix Suns;2023 - 2024;Panini Prizm;Prizm;226;Blue Shimmer FOTL /35;FALSE
Phoenix Suns;2023 - 2024;Panini Prizm;Prizm;226;Purple Pulsar /35;FALSE
Phoenix Suns;2023 - 2024;Panini Prizm;Prizm;226;White Ice /35;FALSE
Phoenix Suns;2023 - 2024;Panini Prizm;Prizm;226;Green Pulsar /25;FALSE
Phoenix Suns;2023 - 2024;Panini Prizm;Prizm;226;Mojo /25;FALSE
Phoenix Suns;2023 - 2024;Panini Prizm;Prizm;226;Gold Sparkle /24;FALSE
Phoenix Suns;2023 - 2024;Panini Prizm;Prizm;226;Bronz Fast Break /20;FALSE
Phoenix Suns;2023 - 2024;Panini Prizm;Prizm;226;Choice Cherry Blossom /20;FALSE
Phoenix Suns;2023 - 2024;Panini Prizm;Prizm;226;Gold /10;FALSE
Phoenix Suns;2023 - 2024;Panini Prizm;Prizm;226;Gold Shimmer FOTL /10;FALSE
Phoenix Suns;2023 - 2024;Panini Prizm;Prizm;226;Wave Gold /10;FALSE
Phoenix Suns;2023 - 2024;Panini Prizm;Prizm;226;Choice Green /8;FALSE
Phoenix Suns;2023 - 2024;Panini Prizm;Prizm;226;Green Sparkle /8;FALSE
Phoenix Suns;2023 - 2024;Panini Prizm;Prizm;226;Lucky Envelopes /8;FALSE
Phoenix Suns;2023 - 2024;Panini Prizm;Prizm;226;Black Gold /5;FALSE
Phoenix Suns;2023 - 2024;Panini Prizm;Prizm;226;Green Shimmer FOTL /5;FALSE
Phoenix Suns;2023 - 2024;Panini Prizm;Prizm;226;Neon Green Fast Break /5;FALSE
Phoenix Suns;2023 - 2024;Panini Prizm;Prizm;226;Black /1;FALSE
Phoenix Suns;2023 - 2024;Panini Prizm;Prizm;226;Black Shimmer FOTL /1;FALSE
Phoenix Suns;2023 - 2024;Panini Prizm;Prizm;226;Choice Nebula /1;FALSE
Phoenix Suns;2023 - 2024;Panini Prizm;Deca;260;Base;FALSE
Phoenix Suns;2023 - 2024;Panini Prizm;Deca;260;Silver;FALSE
Phoenix Suns;2023 - 2024;Panini Prizm;Deca;260;Red /199;FALSE
Phoenix Suns;2023 - 2024;Panini Prizm;Deca;260;Blue /149;FALSE
Phoenix Suns;2023 - 2024;Panini Prizm;Deca;260;Purple /99;FALSE
Phoenix Suns;2023 - 2024;Panini Prizm;Deca;260;Orange /49;TRUE
Phoenix Suns;2023 - 2024;Panini Prizm;Deca;260;Mojo /25;FALSE
Phoenix Suns;2023 - 2024;Panini Prizm;Deca;260;Shimmer Green /12;FALSE
Phoenix Suns;2023 - 2024;Panini Prizm;Deca;260;Gold /10;FALSE
Phoenix Suns;2023 - 2024;Panini Prizm;Deca;260;Shimmer Gold Black /8;FALSE
Phoenix Suns;2023 - 2024;Panini Prizm;Deca;260;Black Gold /5;FALSE
Phoenix Suns;2023 - 2024;Panini Prizm;Deca;260;Black /1;FALSE
Phoenix Suns;2023 - 2024;Panini Prizm;Deca;260;Shimmer Black /1;FALSE
Phoenix Suns;2023 - 2024;Panini Recon;Recon;90;Base ;TRUE
Phoenix Suns;2023 - 2024;Panini Recon;Recon;90;Holo;FALSE
Phoenix Suns;2023 - 2024;Panini Recon;Recon;90;Dots Holo;FALSE
Phoenix Suns;2023 - 2024;Panini Recon;Recon;90;Bronze /299;TRUE
Phoenix Suns;2023 - 2024;Panini Recon;Recon;90;Red /199;TRUE
Phoenix Suns;2023 - 2024;Panini Recon;Recon;90;Blue /99;FALSE
Phoenix Suns;2023 - 2024;Panini Recon;Recon;90;Purple /75;FALSE
Phoenix Suns;2023 - 2024;Panini Recon;Recon;90;Effect /49;FALSE
Phoenix Suns;2023 - 2024;Panini Recon;Recon;90;Orange /12;FALSE
Phoenix Suns;2023 - 2024;Panini Recon;Recon;90;Gold /10;TRUE
Phoenix Suns;2023 - 2024;Panini Recon;Recon;90;Green /5;TRUE
Phoenix Suns;2023 - 2024;Panini Recon;Recon;90;Platinum Swirl /3;FALSE
Phoenix Suns;2023 - 2024;Panini Recon;Recon;90;Platinum /1;FALSE
Phoenix Suns;2023 - 2024;Panini Spectra;Spectra;120;Base;TRUE
Phoenix Suns;2023 - 2024;Panini Spectra;Spectra;120;International;TRUE
Phoenix Suns;2023 - 2024;Panini Spectra;Spectra;120;Black & White International;FALSE
Phoenix Suns;2023 - 2024;Panini Spectra;Spectra;120;Menageric;FALSE
Phoenix Suns;2023 - 2024;Panini Spectra;Spectra;120;Psychedelic;FALSE
Phoenix Suns;2023 - 2024;Panini Spectra;Spectra;120;Red International;FALSE
Phoenix Suns;2023 - 2024;Panini Spectra;Spectra;120;Celestial /125;FALSE
Phoenix Suns;2023 - 2024;Panini Spectra;Spectra;120;Interstellar /99;FALSE
Phoenix Suns;2023 - 2024;Panini Spectra;Spectra;120;Green International /75;FALSE
Phoenix Suns;2023 - 2024;Panini Spectra;Spectra;120;Astral /49;FALSE
Phoenix Suns;2023 - 2024;Panini Spectra;Spectra;120;Red & Yellow International /49;FALSE
Phoenix Suns;2023 - 2024;Panini Spectra;Spectra;120;Blue & Orange International /25;FALSE
Phoenix Suns;2023 - 2024;Panini Spectra;Spectra;120;Meta /25;FALSE
Phoenix Suns;2023 - 2024;Panini Spectra;Spectra;120;Gold /10;FALSE
Phoenix Suns;2023 - 2024;Panini Spectra;Spectra;120;Gold International /10;FALSE
Phoenix Suns;2023 - 2024;Panini Spectra;Spectra;120;Lucky Envelopes /8;FALSE
Phoenix Suns;2023 - 2024;Panini Spectra;Spectra;120;Universal Die-Cut /8;FALSE
Phoenix Suns;2023 - 2024;Panini Spectra;Spectra;120;Marble /5;FALSE
Phoenix Suns;2023 - 2024;Panini Spectra;Spectra;120;Black International /1;FALSE
Phoenix Suns;2023 - 2024;Panini Spectra;Spectra;120;Nebula /1;FALSE
Phoenix Suns;2024 - 2025;Donruss;Donruss Basketball;41;Base;TRUE
Phoenix Suns;2024 - 2025;Donruss;Donruss Basketball;41;Choice Dragon;FALSE
Phoenix Suns;2024 - 2025;Donruss;Donruss Basketball;41;Disco;FALSE
Phoenix Suns;2024 - 2025;Donruss;Donruss Basketball;41;Holo Green Laser;TRUE
Phoenix Suns;2024 - 2025;Donruss;Donruss Basketball;41;International ;FALSE
Phoenix Suns;2024 - 2025;Donruss;Donruss Basketball;41;International Holo Maroon Laser;TRUE
Phoenix Suns;2024 - 2025;Donruss;Donruss Basketball;41;Red Wedges;FALSE
Phoenix Suns;2024 - 2025;Donruss;Donruss Basketball;41;Silver Press Proof;FALSE
Phoenix Suns;2024 - 2025;Donruss;Donruss Basketball;41;Wedges;FALSE
Phoenix Suns;2024 - 2025;Donruss;Donruss Basketball;41;Winter;FALSE
Phoenix Suns;2024 - 2025;Donruss;Donruss Basketball;41;Winter Holo;FALSE
Phoenix Suns;2024 - 2025;Donruss;Donruss Basketball;41;Yellow Flood;FALSE
Phoenix Suns;2024 - 2025;Donruss;Donruss Basketball;41;Storm /299;FALSE
Phoenix Suns;2024 - 2025;Donruss;Donruss Basketball;41;Purple Press Proof /199;TRUE
Phoenix Suns;2024 - 2025;Donruss;Donruss Basketball;41;Cubic /175;FALSE
Phoenix Suns;2024 - 2025;Donruss;Donruss Basketball;41;Holo Laser /149;FALSE
Phoenix Suns;2024 - 2025;Donruss;Donruss Basketball;41;Red Disco /149;FALSE
Phoenix Suns;2024 - 2025;Donruss;Donruss Basketball;41;Teal Explosion /149;FALSE
Phoenix Suns;2024 - 2025;Donruss;Donruss Basketball;41; Crystals /125;FALSE
Phoenix Suns;2024 - 2025;Donruss;Donruss Basketball;41;Holo Orange Laser /125;FALSE
Phoenix Suns;2024 - 2025;Donruss;Donruss Basketball;41;Hyper /125;FALSE
Phoenix Suns;2024 - 2025;Donruss;Donruss Basketball;41;International Red Stars /125;FALSE
Phoenix Suns;2024 - 2025;Donruss;Donruss Basketball;41;Choice Red /99;TRUE
Phoenix Suns;2024 - 2025;Donruss;Donruss Basketball;41;Holo Purple Laser /99;FALSE
Phoenix Suns;2024 - 2025;Donruss;Donruss Basketball;41;Holo Red & Green Laser /99;FALSE
Phoenix Suns;2024 - 2025;Donruss;Donruss Basketball;41;Red Holo Laser /99;FALSE
Phoenix Suns;2024 - 2025;Donruss;Donruss Basketball;41;Dots /85;FALSE
Phoenix Suns;2024 - 2025;Donruss;Donruss Basketball;41;International Blue Fireworks /85;FALSE
Phoenix Suns;2024 - 2025;Donruss;Donruss Basketball;41;Blue Disco /75;FALSE
Phoenix Suns;2024 - 2025;Donruss;Donruss Basketball;41;Blue Wedges /75;FALSE
Phoenix Suns;2024 - 2025;Donruss;Donruss Basketball;41;Silver Press Proof Die-Cut /75;FALSE
Phoenix Suns;2024 - 2025;Donruss;Donruss Basketball;41;Winter Blue /75;FALSE
Phoenix Suns;2024 - 2025;Donruss;Donruss Basketball;41;Holo Pink Laser /50;FALSE
Phoenix Suns;2024 - 2025;Donruss;Donruss Basketball;41;Checkerboard /49;FALSE
Phoenix Suns;2024 - 2025;Donruss;Donruss Basketball;41;Choice Blue /49;FALSE
Phoenix Suns;2024 - 2025;Donruss;Donruss Basketball;41;Holo Blue Laser /49;FALSE
Phoenix Suns;2024 - 2025;Donruss;Donruss Basketball;41;Blue Explosion /45;FALSE
Phoenix Suns;2024 - 2025;Donruss;Donruss Basketball;41;Holo Blue & Green Laser /30;FALSE
Phoenix Suns;2024 - 2025;Donruss;Donruss Basketball;41;Gold Press Proof Die-Cut /25;FALSE
Phoenix Suns;2024 - 2025;Donruss;Donruss Basketball;41;Holo Teal Laser /25;FALSE
Phoenix Suns;2024 - 2025;Donruss;Donruss Basketball;41;Holo Yellow Laser /25;FALSE
Phoenix Suns;2024 - 2025;Donruss;Donruss Basketball;41;Pink Disco /25;FALSE
Phoenix Suns;2024 - 2025;Donruss;Donruss Basketball;41;Holo Red & Blue Laser /15;FALSE
Phoenix Suns;2024 - 2025;Donruss;Donruss Basketball;41;Lava /15;FALSE
Phoenix Suns;2024 - 2025;Donruss;Donruss Basketball;41;Choice Gold /10;FALSE
Phoenix Suns;2024 - 2025;Donruss;Donruss Basketball;41;Gold Wedges /10;FALSE
Phoenix Suns;2024 - 2025;Donruss;Donruss Basketball;41;Holo Gold Laser /10;FALSE
Phoenix Suns;2024 - 2025;Donruss;Donruss Basketball;41;Winter Gold /10;FALSE
Phoenix Suns;2024 - 2025;Donruss;Donruss Basketball;41;Choice Black Gold /8;FALSE
Phoenix Suns;2024 - 2025;Donruss;Donruss Basketball;41;International Green Scope /5;FALSE
Phoenix Suns;2024 - 2025;Donruss;Donruss Basketball;41;Swirlorama /5;FALSE
Phoenix Suns;2024 - 2025;Donruss;Donruss Basketball;41;Black Wedges /1;FALSE
Phoenix Suns;2024 - 2025;Donruss;Donruss Basketball;41;Choice Black /1;FALSE
Phoenix Suns;2024 - 2025;Donruss;Donruss Basketball;41;Holo Black Laser /1;FALSE
Phoenix Suns;2024 - 2025;Panini Hoops;Hoops;154;Base;TRUE
Phoenix Suns;2024 - 2025;Panini Hoops;Hoops;154;Blue;FALSE
Phoenix Suns;2024 - 2025;Panini Hoops;Hoops;154;Checkerboard Prizms Premium;FALSE
Phoenix Suns;2024 - 2025;Panini Hoops;Hoops;154;Green Prizms Premium;TRUE
Phoenix Suns;2024 - 2025;Panini Hoops;Hoops;154;Impulse;FALSE
Phoenix Suns;2024 - 2025;Panini Hoops;Hoops;154;Premium;FALSE
Phoenix Suns;2024 - 2025;Panini Hoops;Hoops;154;Purple;FALSE
Phoenix Suns;2024 - 2025;Panini Hoops;Hoops;154;Purple Winter;FALSE
Phoenix Suns;2024 - 2025;Panini Hoops;Hoops;154;Red Backs;FALSE
Phoenix Suns;2024 - 2025;Panini Hoops;Hoops;154;Silver Prizms Premium;TRUE
Phoenix Suns;2024 - 2025;Panini Hoops;Hoops;154;Teal Explosion;FALSE
Phoenix Suns;2024 - 2025;Panini Hoops;Hoops;154;Winter Prizms Premium;FALSE
Phoenix Suns;2024 - 2025;Panini Hoops;Hoops;154;Texture;FALSE
Phoenix Suns;2024 - 2025;Panini Hoops;Hoops;154;Winter;FALSE
Phoenix Suns;2024 - 2025;Panini Hoops;Hoops;154;Winter Purple Prizms Premium;FALSE
Phoenix Suns;2024 - 2025;Panini Hoops;Hoops;154;Storm /299;FALSE
Phoenix Suns;2024 - 2025;Panini Hoops;Hoops;154;Purple Prizms Premium /249;FALSE
Phoenix Suns;2024 - 2025;Panini Hoops;Hoops;154;Orange Prizms Premium /199;FALSE
Phoenix Suns;2024 - 2025;Panini Hoops;Hoops;154;Premium Box Set /199;FALSE
Phoenix Suns;2024 - 2025;Panini Hoops;Hoops;154;Pulsar Red Prizms Premium /199;FALSE
Phoenix Suns;2024 - 2025;Panini Hoops;Hoops;154;Silver /199;FALSE
Phoenix Suns;2024 - 2025;Panini Hoops;Hoops;154;Teal /175;FALSE
Phoenix Suns;2024 - 2025;Panini Hoops;Hoops;154;Lime Green Prizms Premium /149;FALSE
Phoenix Suns;2024 - 2025;Panini Hoops;Hoops;154;Orange /149;TRUE
Phoenix Suns;2024 - 2025;Panini Hoops;Hoops;154;White Explosion /149;FALSE
Phoenix Suns;2024 - 2025;Panini Hoops;Hoops;154;Purple Explosion /110;FALSE
Phoenix Suns;2024 - 2025;Panini Hoops;Hoops;154;Blue Scope /99;FALSE
Phoenix Suns;2024 - 2025;Panini Hoops;Hoops;154;Lazer Red Prizms Premium /99;FALSE
Phoenix Suns;2024 - 2025;Panini Hoops;Hoops;154;Pulsar Blue Prizms Premium /99;FALSE
Phoenix Suns;2024 - 2025;Panini Hoops;Hoops;154;Red Prizms Premium /99;FALSE
Phoenix Suns;2024 - 2025;Panini Hoops;Hoops;154;Scope Blue Prizms Premium /99;FALSE
Phoenix Suns;2024 - 2025;Panini Hoops;Hoops;154;Wave Blue Prizms Premium /99;FALSE
Phoenix Suns;2024 - 2025;Panini Hoops;Hoops;154;Green /99;TRUE
Phoenix Suns;2024 - 2025;Panini Hoops;Hoops;154;Green Explosion /99;FALSE
Phoenix Suns;2024 - 2025;Panini Hoops;Hoops;154;Blue Winter Holo /88;FALSE
Phoenix Suns;2024 - 2025;Panini Hoops;Hoops;154;Winter Blizzard Prizms Premium /88;FALSE
Phoenix Suns;2024 - 2025;Panini Hoops;Hoops;154;Dragon Year /75;FALSE
Phoenix Suns;2024 - 2025;Panini Hoops;Hoops;154;Red /75;FALSE
Phoenix Suns;2024 - 2025;Panini Hoops;Hoops;154;Blue Explosion /59;FALSE
Phoenix Suns;2024 - 2025;Panini Hoops;Hoops;154;Blue Prizms Premium /49;FALSE
Phoenix Suns;2024 - 2025;Panini Hoops;Hoops;154;Lazer Blue Prizms Premium /49;FALSE
Phoenix Suns;2024 - 2025;Panini Hoops;Hoops;154;Red Scope /49;FALSE
Phoenix Suns;2024 - 2025;Panini Hoops;Hoops;154;Scope Red Premium Prizms /49;FALSE
Phoenix Suns;2024 - 2025;Panini Hoops;Hoops;154;Artist Proof /25;FALSE
Phoenix Suns;2024 - 2025;Panini Hoops;Hoops;154;Orange Explosion /25;FALSE
Phoenix Suns;2024 - 2025;Panini Hoops;Hoops;154;Lazer Green Prizms Premium /25;FALSE
Phoenix Suns;2024 - 2025;Panini Hoops;Hoops;154;Mojo Prizms Premium /25;FALSE
Phoenix Suns;2024 - 2025;Panini Hoops;Hoops;154;Pulsar Green Prizms Premium /25;FALSE
Phoenix Suns;2024 - 2025;Panini Hoops;Hoops;154;Scope Green Prizms Premium /25;FALSE
Phoenix Suns;2024 - 2025;Panini Hoops;Hoops;154;Wave Green Prizms Premium /25;FALSE
Phoenix Suns;2024 - 2025;Panini Hoops;Hoops;154;Red Explosion /15;FALSE
Phoenix Suns;2024 - 2025;Panini Hoops;Hoops;154;Gold Artist Proof /10;FALSE
Phoenix Suns;2024 - 2025;Panini Hoops;Hoops;154;Premium Gold Prizms /10;FALSE
Phoenix Suns;2024 - 2025;Panini Hoops;Hoops;154;Green Scope /8;FALSE
Phoenix Suns;2024 - 2025;Panini Hoops;Hoops;154;Yellow Checkerboard /5;FALSE
Phoenix Suns;2024 - 2025;Panini Hoops;Hoops;154;Black Artist Proof /1;FALSE
Phoenix Suns;2024 - 2025;Panini Hoops;Hoops;154;Gold Vinyl Prizms Premium /1;FALSE
Phoenix Suns;2024 - 2025;Panini Hoops;Hoops;154;Nebula Prizms Premium /1;FALSE
Phoenix Suns;2024 - 2025;Panini Prizm;Prizm;72;Base;FALSE
Phoenix Suns;2024 - 2025;Panini Prizm;Prizm;72;Black White Prizms;FALSE
Phoenix Suns;2024 - 2025;Panini Prizm;Prizm;72;China Variation;FALSE
Phoenix Suns;2024 - 2025;Panini Prizm;Prizm;72;Choice Blue, Yellow and Green Prizms;FALSE
Phoenix Suns;2024 - 2025;Panini Prizm;Prizm;72;Choice Tiger Stripe Prizms;FALSE
Phoenix Suns;2024 - 2025;Panini Prizm;Prizm;72;Fast Break Prizms;FALSE
Phoenix Suns;2024 - 2025;Panini Prizm;Prizm;72;Glitter Prizms;FALSE
Phoenix Suns;2024 - 2025;Panini Prizm;Prizm;72;Green Prizms;FALSE
Phoenix Suns;2024 - 2025;Panini Prizm;Prizm;72;Green Ice Prizms;FALSE
Phoenix Suns;2024 - 2025;Panini Prizm;Prizm;72;Green Wave Prizms;FALSE
Phoenix Suns;2024 - 2025;Panini Prizm;Prizm;72;Hyper Prizms;FALSE
Phoenix Suns;2024 - 2025;Panini Prizm;Prizm;72;Ice Prizms;FALSE
Phoenix Suns;2024 - 2025;Panini Prizm;Prizm;72;Orange Ice Prizms;FALSE
Phoenix Suns;2024 - 2025;Panini Prizm;Prizm;72;Pink Ice Prizms;FALSE
Phoenix Suns;2024 - 2025;Panini Prizm;Prizm;72;Pulsar Prizms;FALSE
Phoenix Suns;2024 - 2025;Panini Prizm;Prizm;72;Red Ice Prizms;FALSE
Phoenix Suns;2024 - 2025;Panini Prizm;Prizm;72;Red Sparkle Prizms;FALSE
Phoenix Suns;2024 - 2025;Panini Prizm;Prizm;72;Red/White/Blue Prizms;FALSE
Phoenix Suns;2024 - 2025;Panini Prizm;Prizm;72;Ruby Wave Prizms;FALSE
Phoenix Suns;2024 - 2025;Panini Prizm;Prizm;72;Silver Prizms;FALSE
Phoenix Suns;2024 - 2025;Panini Prizm;Prizm;72;Snakeskin Prizms;FALSE
Phoenix Suns;2024 - 2025;Panini Prizm;Prizm;72;Wave Prizms;FALSE
Phoenix Suns;2024 - 2025;Panini Prizm;Prizm;72;White Sparkle Prizms;FALSE
Phoenix Suns;2024 - 2025;Panini Prizm;Prizm;72;White Tiger Stripe Prizms;FALSE
Phoenix Suns;2024 - 2025;Panini Prizm;Prizm;72;Red Prizms /299;FALSE
Phoenix Suns;2024 - 2025;Panini Prizm;Prizm;72;Red Seismic Prizms /299;FALSE
Phoenix Suns;2024 - 2025;Panini Prizm;Prizm;72;White Lazer Prizms /275;FALSE
Phoenix Suns;2024 - 2025;Panini Prizm;Prizm;72;Pink Prizms /249;FALSE
Phoenix Suns;2024 - 2025;Panini Prizm;Prizm;72;Skewed Prizms /249;FALSE
Phoenix Suns;2024 - 2025;Panini Prizm;Prizm;72;Basketball Prizms /225;FALSE
Phoenix Suns;2024 - 2025;Panini Prizm;Prizm;72;Teal Ice Prizms /225;FALSE
Phoenix Suns;2024 - 2025;Panini Prizm;Prizm;72;Blue Prizms /199;FALSE
Phoenix Suns;2024 - 2025;Panini Prizm;Prizm;72;Orange Seismic Prizms /199;FALSE
Phoenix Suns;2024 - 2025;Panini Prizm;Prizm;72;White Prizms /175;FALSE
Phoenix Suns;2024 - 2025;Panini Prizm;Prizm;72;Fast Break Blue Prizms /150;FALSE
Phoenix Suns;2024 - 2025;Panini Prizm;Prizm;72;Premium Factory Set Prizms /150;FALSE
Phoenix Suns;2024 - 2025;Panini Prizm;Prizm;72;Purple Ice Prizms /149;FALSE
Phoenix Suns;2024 - 2025;Panini Prizm;Prizm;72;Blue Sparkle Prizms /144;FALSE
Phoenix Suns;2024 - 2025;Panini Prizm;Prizm;72;Blue Ice Prizms /125;FALSE
Phoenix Suns;2024 - 2025;Panini Prizm;Prizm;72;Fast Break Orange Prizms /125;FALSE
Phoenix Suns;2024 - 2025;Panini Prizm;Prizm;72;Wave Blue Prizms /125;FALSE
Phoenix Suns;2024 - 2025;Panini Prizm;Prizm;72;Fast Break Red Prizms /100;FALSE
Phoenix Suns;2024 - 2025;Panini Prizm;Prizm;72;Blue Pulsar Prizms /99;FALSE
Phoenix Suns;2024 - 2025;Panini Prizm;Prizm;72;Blue Seismic Prizms /99;FALSE
Phoenix Suns;2024 - 2025;Panini Prizm;Prizm;72;Purple Prizms /99;FALSE
Phoenix Suns;2024 - 2025;Panini Prizm;Prizm;72;Choice Red Prizms /88;FALSE
Phoenix Suns;2024 - 2025;Panini Prizm;Prizm;72;Dragon Year Prizms /88;FALSE
Phoenix Suns;2024 - 2025;Panini Prizm;Prizm;72;Multi Wave Prizms /88;FALSE
Phoenix Suns;2024 - 2025;Panini Prizm;Prizm;72;Fast Break Purple Prizms /75;FALSE
Phoenix Suns;2024 - 2025;Panini Prizm;Prizm;72;Red Power Prizms /75;FALSE
Phoenix Suns;2024 - 2025;Panini Prizm;Prizm;72;Red Pulsar Prizms /75;FALSE
Phoenix Suns;2024 - 2025;Panini Prizm;Prizm;72;Wave Orange Prizms /60;FALSE
Phoenix Suns;2024 - 2025;Panini Prizm;Prizm;72;Fast Break Pink Prizms /50;FALSE
Phoenix Suns;2024 - 2025;Panini Prizm;Prizm;72;Choice Blue Prizms /49;FALSE
Phoenix Suns;2024 - 2025;Panini Prizm;Prizm;72;Orange Prizms /49;FALSE
Phoenix Suns;2024 - 2025;Panini Prizm;Prizm;72;Jade Dragon Scale Prizms /48;FALSE
Phoenix Suns;2024 - 2025;Panini Prizm;Prizm;72;Pink Pulsar Prizms /42;FALSE
Phoenix Suns;2024 - 2025;Panini Prizm;Prizm;72;White Wave Prizms /38;FALSE
Phoenix Suns;2024 - 2025;Panini Prizm;Prizm;72;Blue Shimmer Prizms FOTL /35;FALSE
Phoenix Suns;2024 - 2025;Panini Prizm;Prizm;72;Purple Pulsar Prizms /35;FALSE
Phoenix Suns;2024 - 2025;Panini Prizm;Prizm;72;Red Lazer Prizms /35;FALSE
Phoenix Suns;2024 - 2025;Panini Prizm;Prizm;72;White Ice Prizms /35;FALSE
Phoenix Suns;2024 - 2025;Panini Prizm;Prizm;72;Green Pulsar Prizms /25;FALSE
Phoenix Suns;2024 - 2025;Panini Prizm;Prizm;72;Mojo Prizms /25;FALSE
Phoenix Suns;2024 - 2025;Panini Prizm;Prizm;72;Gold Sparkle Prizms /24;FALSE
Phoenix Suns;2024 - 2025;Panini Prizm;Prizm;72;Choice Cherry Blossom Prizms /20;FALSE
Phoenix Suns;2024 - 2025;Panini Prizm;Prizm;72;Fast Break Bronze Prizms /20;FALSE
Phoenix Suns;2024 - 2025;Panini Prizm;Prizm;72;Lotus Flower Prizms /18;FALSE
Phoenix Suns;2024 - 2025;Panini Prizm;Prizm;72;Gold Prizms /10;FALSE
Phoenix Suns;2024 - 2025;Panini Prizm;Prizm;72;Gold Shimmer Prizms FOTL /10;FALSE
Phoenix Suns;2024 - 2025;Panini Prizm;Prizm;72;Ice GoldPrizms /10;FALSE
Phoenix Suns;2024 - 2025;Panini Prizm;Prizm;72;Lazer Gold Prizms /10;FALSE
Phoenix Suns;2024 - 2025;Panini Prizm;Prizm;72;Wave Gold Prizms /10;FALSE
Phoenix Suns;2024 - 2025;Panini Prizm;Prizm;72;Choice Green Prizms /8;FALSE
Phoenix Suns;2024 - 2025;Panini Prizm;Prizm;72;Green Sparkle Prizms /8;FALSE
Phoenix Suns;2024 - 2025;Panini Prizm;Prizm;72;Lucky Envelopes Prizms /8;FALSE
Phoenix Suns;2024 - 2025;Panini Prizm;Prizm;72;Plum Blossom Prizms /8;FALSE
Phoenix Suns;2024 - 2025;Panini Prizm;Prizm;72;Black Gold Prizms /5;FALSE
Phoenix Suns;2024 - 2025;Panini Prizm;Prizm;72;Fast Break Neon Green Prizms /5;FALSE
Phoenix Suns;2024 - 2025;Panini Prizm;Prizm;72;Green Shimmer Prizms FOTL /5;FALSE
Phoenix Suns;2024 - 2025;Panini Prizm;Prizm;72;Black Prizms /1;FALSE
Phoenix Suns;2024 - 2025;Panini Prizm;Prizm;72;Black Shimmer Prizms FOTL /1;FALSE
Phoenix Suns;2024 - 2025;Panini Prizm;Prizm;72;Choice Nebula Prizms /1;FALSE
Phoenix Suns;2024 - 2025;Donruss ;Optic Basketball;90;Base;FALSE
Phoenix Suns;2024 - 2025;Donruss ;Optic Basketball;90;Blue Velocity;FALSE
Phoenix Suns;2024 - 2025;Donruss ;Optic Basketball;90;Checkerboard;FALSE
Phoenix Suns;2024 - 2025;Donruss ;Optic Basketball;90;Choice Dragon;FALSE
Phoenix Suns;2024 - 2025;Donruss ;Optic Basketball;90;Fast Break Holo;FALSE
Phoenix Suns;2024 - 2025;Donruss ;Optic Basketball;90;Green Seismic;FALSE
Phoenix Suns;2024 - 2025;Donruss ;Optic Basketball;90;Holo;FALSE
Phoenix Suns;2024 - 2025;Donruss ;Optic Basketball;90;Hyper Pink;FALSE
Phoenix Suns;2024 - 2025;Donruss ;Optic Basketball;90;Jazz;FALSE
Phoenix Suns;2024 - 2025;Donruss ;Optic Basketball;90;Photon;FALSE
Phoenix Suns;2024 - 2025;Donruss ;Optic Basketball;90;Purple;FALSE
Phoenix Suns;2024 - 2025;Donruss ;Optic Basketball;90;Purple Shimmer;FALSE
Phoenix Suns;2024 - 2025;Donruss ;Optic Basketball;90;Purple Shock;FALSE
Phoenix Suns;2024 - 2025;Donruss ;Optic Basketball;90;Red International;FALSE
Phoenix Suns;2024 - 2025;Donruss ;Optic Basketball;90;Red Sparkle;FALSE
Phoenix Suns;2024 - 2025;Donruss ;Optic Basketball;90;Red Stars International;FALSE
Phoenix Suns;2024 - 2025;Donruss ;Optic Basketball;90;White Sparkle;FALSE
Phoenix Suns;2024 - 2025;Donruss ;Optic Basketball;90;Hyper Orange /299;FALSE
Phoenix Suns;2024 - 2025;Donruss ;Optic Basketball;90;Red Velocity /299;FALSE
Phoenix Suns;2024 - 2025;Donruss ;Optic Basketball;90;Pink Glitter /275;FALSE
Phoenix Suns;2024 - 2025;Donruss ;Optic Basketball;90;Hyper Green /249;FALSE
Phoenix Suns;2024 - 2025;Donruss ;Optic Basketball;90;Premium Box Set /249;FALSE
Phoenix Suns;2024 - 2025;Donruss ;Optic Basketball;90;Aqua /225;FALSE
Phoenix Suns;2024 - 2025;Donruss ;Optic Basketball;90;Orange Shock /225;FALSE
Phoenix Suns;2024 - 2025;Donruss ;Optic Basketball;90;Blue Sparkle /180;FALSE
Phoenix Suns;2024 - 2025;Donruss ;Optic Basketball;90;Hyper Blue /175;FALSE
Phoenix Suns;2024 - 2025;Donruss ;Optic Basketball;90;Orange /175;FALSE
Phoenix Suns;2024 - 2025;Donruss ;Optic Basketball;90;Green Shock /149;FALSE
Phoenix Suns;2024 - 2025;Donruss ;Optic Basketball;90;Lime Green /149;FALSE
Phoenix Suns;2024 - 2025;Donruss ;Optic Basketball;90;Red Seismic /149;FALSE
Phoenix Suns;2024 - 2025;Donruss ;Optic Basketball;90;Bronze Velocity /125;FALSE
Phoenix Suns;2024 - 2025;Donruss ;Optic Basketball;90;Copper Glitter /99;FALSE
Phoenix Suns;2024 - 2025;Donruss ;Optic Basketball;90;Fast Break Purple /99;FALSE
Phoenix Suns;2024 - 2025;Donruss ;Optic Basketball;90;Red /99;FALSE
Phoenix Suns;2024 - 2025;Donruss ;Optic Basketball;90;Red and Gold International /99;FALSE
Phoenix Suns;2024 - 2025;Donruss ;Optic Basketball;90;Choice Red /88;FALSE
Phoenix Suns;2024 - 2025;Donruss ;Optic Basketball;90;Pink Velocity /79;FALSE
Phoenix Suns;2024 - 2025;Donruss ;Optic Basketball;90;Blue Shimmer /75;FALSE
Phoenix Suns;2024 - 2025;Donruss ;Optic Basketball;90;Electricity International /75;FALSE
Phoenix Suns;2024 - 2025;Donruss ;Optic Basketball;90;Fast Break Red /75;FALSE
Phoenix Suns;2024 - 2025;Donruss ;Optic Basketball;90;Red Glitter /75;FALSE
Phoenix Suns;2024 - 2025;Donruss ;Optic Basketball;90;White Velocity /59;FALSE
Phoenix Suns;2024 - 2025;Donruss ;Optic Basketball;90;Blue /49;FALSE
Phoenix Suns;2024 - 2025;Donruss ;Optic Basketball;90;Fast Break Blue /49;FALSE
Phoenix Suns;2024 - 2025;Donruss ;Optic Basketball;90;Green Velocity /49;FALSE
Phoenix Suns;2024 - 2025;Donruss ;Optic Basketball;90;Choice White /48;FALSE
Phoenix Suns;2024 - 2025;Donruss ;Optic Basketball;90;Black Velocity /39;FALSE
Phoenix Suns;2024 - 2025;Donruss ;Optic Basketball;90;Cracked Ice /25;FALSE
Phoenix Suns;2024 - 2025;Donruss ;Optic Basketball;90;Fast Break Pink /25;FALSE
Phoenix Suns;2024 - 2025;Donruss ;Optic Basketball;90;Green International /25;FALSE
Phoenix Suns;2024 - 2025;Donruss ;Optic Basketball;90;Pink /25;FALSE
Phoenix Suns;2024 - 2025;Donruss ;Optic Basketball;90;Choice Blue /24;FALSE
Phoenix Suns;2024 - 2025;Donruss ;Optic Basketball;90;Gold Sparkle /24;FALSE
Phoenix Suns;2024 - 2025;Donruss ;Optic Basketball;90;Black Pandora /15;FALSE
Phoenix Suns;2024 - 2025;Donruss ;Optic Basketball;90;Blue Glitter /15;FALSE
Phoenix Suns;2024 - 2025;Donruss ;Optic Basketball;90;White International /15;FALSE
Phoenix Suns;2024 - 2025;Donruss ;Optic Basketball;90;Green FOTL /14;FALSE
Phoenix Suns;2024 - 2025;Donruss ;Optic Basketball;90;Purple Velocity /12;FALSE
Phoenix Suns;2024 - 2025;Donruss ;Optic Basketball;90;Fast Break Gold /10;FALSE
Phoenix Suns;2024 - 2025;Donruss ;Optic Basketball;90;Gold /10;FALSE
Phoenix Suns;2024 - 2025;Donruss ;Optic Basketball;90;Gold International /10;FALSE
Phoenix Suns;2024 - 2025;Donruss ;Optic Basketball;90;Gold Velocity /10;FALSE
Phoenix Suns;2024 - 2025;Donruss ;Optic Basketball;90;Black Gold Velocity /8;FALSE
Phoenix Suns;2024 - 2025;Donruss ;Optic Basketball;90;Choice Black Gold /8;FALSE
Phoenix Suns;2024 - 2025;Donruss ;Optic Basketball;90;Green Sparkle /8;FALSE
Phoenix Suns;2024 - 2025;Donruss ;Optic Basketball;90;Lucky Envelopes /8;FALSE
Phoenix Suns;2024 - 2025;Donruss ;Optic Basketball;90;Fast Break Red and Yellow /7;FALSE
Phoenix Suns;2024 - 2025;Donruss ;Optic Basketball;90;Fast Break Neon Green /5;FALSE
Phoenix Suns;2024 - 2025;Donruss ;Optic Basketball;90;Green /5;FALSE
Phoenix Suns;2024 - 2025;Donruss ;Optic Basketball;90;Green Glitter /5;FALSE
Phoenix Suns;2024 - 2025;Donruss ;Optic Basketball;90;Black FOTL /3;FALSE
Phoenix Suns;2024 - 2025;Donruss ;Optic Basketball;90;Black /1;FALSE
Phoenix Suns;2024 - 2025;Donruss ;Optic Basketball;90;Choice Nebula /1;FALSE
Phoenix Suns;2024 - 2025;Donruss ;Optic Basketball;90;Fast Break Black /1;FALSE
Phoenix Suns;2024 - 2025;Donruss ;Optic Basketball;90;Gold Vinyl /1;FALSE
Phoenix Suns;2024 - 2025;Panini National Treasures;Tremendous Treasures;27;Base /99;FALSE
Phoenix Suns;2024 - 2025;Panini National Treasures;Tremendous Treasures;27;Prime /25;FALSE
Phoenix Suns;2024 - 2025;Panini National Treasures;Tremendous Treasures;27;Super Prime /1;FALSE
Phoenix Suns;2025-2026;Topps Basketball;Base;161;Base;FALSE
Phoenix Suns;2025-2026;Topps Basketball;Base;161;Aqua Holo Foil;FALSE
Phoenix Suns;2025-2026;Topps Basketball;Base;161;Blackout;FALSE
Phoenix Suns;2025-2026;Topps Basketball;Base;161;Crackleboard;FALSE
Phoenix Suns;2025-2026;Topps Basketball;Base;161;Diamante;FALSE
Phoenix Suns;2025-2026;Topps Basketball;Base;161;Diamante Pink;FALSE
Phoenix Suns;2025-2026;Topps Basketball;Base;161;Foil Pattern;FALSE
Phoenix Suns;2025-2026;Topps Basketball;Base;161;Golden Mirror SSP;FALSE
Phoenix Suns;2025-2026;Topps Basketball;Base;161;Holo Foil;FALSE
Phoenix Suns;2025-2026;Topps Basketball;Base;161;Pink Holo Foil;FALSE
Phoenix Suns;2025-2026;Topps Basketball;Base;161;Player Number;FALSE
Phoenix Suns;2025-2026;Topps Basketball;Base;161;Rainbow Foilboard;FALSE
Phoenix Suns;2025-2026;Topps Basketball;Base;161;Sandglitter;FALSE
Phoenix Suns;2025-2026;Topps Basketball;Base;161;Sandglitter Blue SSP;FALSE
Phoenix Suns;2025-2026;Topps Basketball;Base;161;Season Tip Off;FALSE
Phoenix Suns;2025-2026;Topps Basketball;Base;161;Team Color Border;FALSE
Phoenix Suns;2025-2026;Topps Basketball;Base;161;Victory SSP;FALSE
Phoenix Suns;2025-2026;Topps Basketball;Base;161;Gold /2025;FALSE
Phoenix Suns;2025-2026;Topps Basketball;Base;161;Purple Holo Foil /250;FALSE
Phoenix Suns;2025-2026;Topps Basketball;Base;161;Purple Rainbow /250 ;FALSE
Phoenix Suns;2025-2026;Topps Basketball;Base;161;Blue Holo Foil /150;FALSE
Phoenix Suns;2025-2026;Topps Basketball;Base;161;Blue Rainbow /150;FALSE
Phoenix Suns;2025-2026;Topps Basketball;Base;161;Green Holo Foil /99;FALSE
Phoenix Suns;2025-2026;Topps Basketball;Base;161;Green Rainbow /99;FALSE
Phoenix Suns;2025-2026;Topps Basketball;Base;161;Season Tip Off Green Foilboard /99;FALSE
Phoenix Suns;2025-2026;Topps Basketball;Base;161;Crackleboard Green /99;FALSE
Phoenix Suns;2025-2026;Topps Basketball;Base;161;Surge /99;FALSE
Phoenix Suns;2025-2026;Topps Basketball;Base;161;Black /68;FALSE
Phoenix Suns;2025-2026;Topps Basketball;Base;161;Diamante Gold /50;FALSE
Phoenix Suns;2025-2026;Topps Basketball;Base;161;Gold Holo Foil /50;FALSE
Phoenix Suns;2025-2026;Topps Basketball;Base;161;Gold Rainbow /50;FALSE
Phoenix Suns;2025-2026;Topps Basketball;Base;161;Season Tip Off Gold Foilboard /50;FALSE
Phoenix Suns;2025-2026;Topps Basketball;Base;161;Crackleboard Gold /50;FALSE
Phoenix Suns;2025-2026;Topps Basketball;Base;161;Flash Drop /50;FALSE
Phoenix Suns;2025-2026;Topps Basketball;Base;161;Diamante Orange /25;FALSE
Phoenix Suns;2025-2026;Topps Basketball;Base;161;Orange Rainbow /25;FALSE
Phoenix Suns;2025-2026;Topps Basketball;Base;161;Orange Holo Foil /25;FALSE
Phoenix Suns;2025-2026;Topps Basketball;Base;161;Season Tip Off Orange Foilboard /25;FALSE
Phoenix Suns;2025-2026;Topps Basketball;Base;161;Crackleboard Orange /25;FALSE
Phoenix Suns;2025-2026;Topps Basketball;Base;161;Cart Load /25;FALSE
Phoenix Suns;2025-2026;Topps Basketball;Base;161;Wood /25;FALSE
Phoenix Suns;2025-2026;Topps Basketball;Base;161;Black Holo Foil /10;FALSE
Phoenix Suns;2025-2026;Topps Basketball;Base;161;Black Rainbow /10;FALSE
Phoenix Suns;2025-2026;Topps Basketball;Base;161;Clear /10;FALSE
Phoenix Suns;2025-2026;Topps Basketball;Base;161;Diamante Black /10;FALSE
Phoenix Suns;2025-2026;Topps Basketball;Base;161;Crackleboard Black /10;FALSE
Phoenix Suns;2025-2026;Topps Basketball;Base;161;Diamante Red /5;FALSE
Phoenix Suns;2025-2026;Topps Basketball;Base;161;Red Holo Foil /5;FALSE
Phoenix Suns;2025-2026;Topps Basketball;Base;161;Red Rainbow /5;FALSE
Phoenix Suns;2025-2026;Topps Basketball;Base;161;Season Tip Off Red Foilboard /5;FALSE
Phoenix Suns;2025-2026;Topps Basketball;Base;161;Crackleboard Red /5;FALSE
Phoenix Suns;2025-2026;Topps Basketball;Base;161;Cyber Circuit /5;FALSE
Phoenix Suns;2025-2026;Topps Basketball;Base;161;First Card /1;FALSE
Phoenix Suns;2025-2026;Topps Basketball;Base;161;FoilFractor /1;FALSE
Phoenix Suns;2025-2026;Topps Basketball;Base;161;Platinum Holo Foil /1;FALSE
Phoenix Suns;2025-2026;Topps Basketball;Base;161;Season Tip Off Black Foilboard /1;FALSE
Phoenix Suns;2025-2026;Topps Basketball;Base;161;Crackleboard Platinum /1;FALSE
Phoenix Suns;2025-2026;Topps Basketball;Base;161;Doorbuster /1;FALSE
Phoenix Suns;2025-2026;Topps Chrome Basketball;Base Set;107;Base;FALSE
Phoenix Suns;2025-2026;Topps Chrome Basketball;Base Set;107;Refractors;FALSE
Phoenix Suns;2025-2026;Topps Chrome Basketball;Base Set;107;Refractors Basketball;FALSE
Phoenix Suns;2025-2026;Topps Chrome Basketball;Base Set;107;Refractors Lightboard Logos;FALSE
Phoenix Suns;2025-2026;Topps Chrome Basketball;Base Set;107;Refractors Negative;FALSE
Phoenix Suns;2025-2026;Topps Chrome Basketball;Base Set;107;Refractors Prism;FALSE
Phoenix Suns;2025-2026;Topps Chrome Basketball;Base Set;107;Refractors Pulsar;FALSE
Phoenix Suns;2025-2026;Topps Chrome Basketball;Base Set;107;Refractors RayWave;FALSE
Phoenix Suns;2025-2026;Topps Chrome Basketball;Base Set;107;Refractors Red, White, and Blue;FALSE
Phoenix Suns;2025-2026;Topps Chrome Basketball;Base Set;107;Refractors Skylight;FALSE
Phoenix Suns;2025-2026;Topps Chrome Basketball;Base Set;107;Refractors Wave;FALSE
Phoenix Suns;2025-2026;Topps Chrome Basketball;Base Set;107;X-Fractors;FALSE
Phoenix Suns;2025-2026;Topps Chrome Basketball;Base Set;107;Refractors Magenta /399;FALSE
Phoenix Suns;2025-2026;Topps Chrome Basketball;Base Set;107;Refractors Teal /299;FALSE
Phoenix Suns;2025-2026;Topps Chrome Basketball;Base Set;107;Refractors Yellow /275;FALSE
Phoenix Suns;2025-2026;Topps Chrome Basketball;Base Set;107;Refractors Yellow Basketball /275;FALSE
Phoenix Suns;2025-2026;Topps Chrome Basketball;Base Set;107;Refractors RayWave Yellow /275;FALSE
Phoenix Suns;2025-2026;Topps Chrome Basketball;Base Set;107;Refractors Aqua /199;FALSE
Phoenix Suns;2025-2026;Topps Chrome Basketball;Base Set;107;Refractors Aqua Basketball /199;FALSE
Phoenix Suns;2025-2026;Topps Chrome Basketball;Base Set;107;Refractors RayWave Aqua /199;FALSE
Phoenix Suns;2025-2026;Topps Chrome Basketball;Base Set;107;Refractors Blue /150;FALSE
Phoenix Suns;2025-2026;Topps Chrome Basketball;Base Set;107;Refractors Blue Basketball /150;FALSE
Phoenix Suns;2025-2026;Topps Chrome Basketball;Base Set;107;Refractors Blue Wave /150;FALSE
Phoenix Suns;2025-2026;Topps Chrome Basketball;Base Set;107;Refractors RayWave Blue /150;FALSE
Phoenix Suns;2025-2026;Topps Chrome Basketball;Base Set;107;Refractors Green /99;FALSE
Phoenix Suns;2025-2026;Topps Chrome Basketball;Base Set;107;Refractors Green Basketball /99;FALSE
Phoenix Suns;2025-2026;Topps Chrome Basketball;Base Set;107;Refractors Green Wave /99;FALSE
Phoenix Suns;2025-2026;Topps Chrome Basketball;Base Set;107;Refractors RayWave Green /99;FALSE
Phoenix Suns;2025-2026;Topps Chrome Basketball;Base Set;107;Refractors Purple /75;FALSE
Phoenix Suns;2025-2026;Topps Chrome Basketball;Base Set;107;Refractors Purple Basketball /75;FALSE
Phoenix Suns;2025-2026;Topps Chrome Basketball;Base Set;107;Refractors Purple Wave /75;FALSE
Phoenix Suns;2025-2026;Topps Chrome Basketball;Base Set;107;Refractors Pulsar Purple /75;FALSE
Phoenix Suns;2025-2026;Topps Chrome Basketball;Base Set;107;Refractors RayWave Purple /75;FALSE
Phoenix Suns;2025-2026;Topps Chrome Basketball;Base Set;107;Refractors Gold /50;FALSE
Phoenix Suns;2025-2026;Topps Chrome Basketball;Base Set;107;Refractors Gold Basketball /50;FALSE
Phoenix Suns;2025-2026;Topps Chrome Basketball;Base Set;107;Refractors Gold Geometric /50;FALSE
Phoenix Suns;2025-2026;Topps Chrome Basketball;Base Set;107;Refractors Gold Wave /50;FALSE
Phoenix Suns;2025-2026;Topps Chrome Basketball;Base Set;107;Refractors Pulsar Gold /50;FALSE
Phoenix Suns;2025-2026;Topps Chrome Basketball;Base Set;107;Refractors RayWave Gold /50;FALSE
Phoenix Suns;2025-2026;Topps Chrome Basketball;Base Set;107;Refractors Orange /25;FALSE
Phoenix Suns;2025-2026;Topps Chrome Basketball;Base Set;107;Refractors Orange Basketball /25;FALSE
Phoenix Suns;2025-2026;Topps Chrome Basketball;Base Set;107;Refractors Orange Geometric /25;FALSE
Phoenix Suns;2025-2026;Topps Chrome Basketball;Base Set;107;Refractors Orange Wave /25;FALSE
Phoenix Suns;2025-2026;Topps Chrome Basketball;Base Set;107;Refractors Pulsar Orange /25;FALSE
Phoenix Suns;2025-2026;Topps Chrome Basketball;Base Set;107;Refractors RayWave Orange /25;FALSE
Phoenix Suns;2025-2026;Topps Chrome Basketball;Base Set;107;Refractors Silver /12;FALSE
Phoenix Suns;2025-2026;Topps Chrome Basketball;Base Set;107;Refractors Black /10;FALSE
Phoenix Suns;2025-2026;Topps Chrome Basketball;Base Set;107;Refractors Black Basketball /10;FALSE
Phoenix Suns;2025-2026;Topps Chrome Basketball;Base Set;107;Refractors Black Geometric /10;FALSE
Phoenix Suns;2025-2026;Topps Chrome Basketball;Base Set;107;Refractors Black Wave /10;FALSE
Phoenix Suns;2025-2026;Topps Chrome Basketball;Base Set;107;Refractors Pulsar Black /10;FALSE
Phoenix Suns;2025-2026;Topps Chrome Basketball;Base Set;107;Refractors RayWave Black /10;FALSE
Phoenix Suns;2025-2026;Topps Chrome Basketball;Base Set;107;Refractors Tri-Color /8;FALSE
Phoenix Suns;2025-2026;Topps Chrome Basketball;Base Set;107;Frozenfractors /5;FALSE
Phoenix Suns;2025-2026;Topps Chrome Basketball;Base Set;107;Refractors Pulsar Red /5;FALSE
Phoenix Suns;2025-2026;Topps Chrome Basketball;Base Set;107;Refractors Red /5;FALSE
Phoenix Suns;2025-2026;Topps Chrome Basketball;Base Set;107;Refractors Red Basketball /5;FALSE
Phoenix Suns;2025-2026;Topps Chrome Basketball;Base Set;107;Refractors Red Geometric /5;FALSE
Phoenix Suns;2025-2026;Topps Chrome Basketball;Base Set;107;Refractors Red Wave /5;FALSE
Phoenix Suns;2025-2026;Topps Chrome Basketball;Base Set;107;Refractors RayWave Red /5;FALSE
Phoenix Suns;2025-2026;Topps Chrome Basketball;Base Set;107;Refractors White Geometric /2;FALSE
Phoenix Suns;2025-2026;Topps Chrome Basketball;Base Set;107;Superfractors /1;FALSE
Phoenix Suns;2025-2026;Topps Chrome Sapphire;Base Set;107;Base;FALSE
Phoenix Suns;2025-2026;Topps Chrome Sapphire;Base Set;107;Purple Sapphire /75;FALSE
Phoenix Suns;2025-2026;Topps Chrome Sapphire;Base Set;107;Gold Sapphire /50;FALSE
Phoenix Suns;2025-2026;Topps Chrome Sapphire;Base Set;107;Orange Sapphire /25;FALSE
Phoenix Suns;2025-2026;Topps Chrome Sapphire;Base Set;107;Black Sapphire /10;FALSE
Phoenix Suns;2025-2026;Topps Chrome Sapphire;Base Set;107;Red Sapphire /5;FALSE
Phoenix Suns;2025-2026;Topps Chrome Sapphire;Base Set;107;Padparadscha Sapphire /1;FALSE
Phoenix Suns;2025-2026;Topps Three Basketball;Base Set;46;Base;FALSE
Phoenix Suns;2025-2026;Topps Three Basketball;Base Set;46;Bronze;FALSE
Phoenix Suns;2025-2026;Topps Three Basketball;Base Set;46;Blue;FALSE
Phoenix Suns;2025-2026;Topps Three Basketball;Base Set;46;Gold;FALSE
Phoenix Suns;2025-2026;Topps Three Basketball;Base Set;46;Red;FALSE
Phoenix Suns;2025-2026;Topps Three Basketball;Base Set;46;Platinum;FALSE
